Workbook

Sheet DAY1
A1: BOPP STOCK MOVEMENT REPORT FOR OPENING BALANCES FOR SEPTEMBER AS OF 29/8/26
A2: DESCRIPTION AND CODE | B2: OPENING | C2: RECEIPTS | D2: RETURNS | E2: EXCHANGED | F2: SALES | G2: ISSUES | H2: THEORETICAL | I2: PHYSICAL | J2: R/MATERIAL | K2: RECEIPTS TO | L2: RETURNS | M2: EXCHANGED TO | N2: SALES TO | O2: ISSUES TO | P2: AVE RECEIPTS | Q2: AVE RETURNS | R2: AVE EXCHANGED | S2: AVE SALES | T2: AVE ISSUES | U2: STOCK
B3: STOCK | H3: CLOSING STOCK | I3: CLOSING STOCK | J3: VARIANCE | K3: DATE | L3: TO DATE | M3: DATE | N3: DATE | O3: DATE | P3: PER DAY | Q3: PER DAY | R3: PER DAY | T3: PER DAY | U3: DAYS
A4: BOPP : CLEAR & PET
B5: 0 | C5: 0 | D5: 0 | E5: 0 | F5: 0 | G5: 0 | H5: =+(Table1[[#This Row],[OPENING ]]+Table1[[#This Row],[RECEIPTS]]+Table1[[#This Row],[RETURNS]])-(Table1[[#This Row],[ISSUES]]+Table1[[#This Row],[EXCHANGED]]+Table1[[#This Row],[SALES]]) -> 0 | I5: 0 | J5: =+Table1[[#This Row],[PHYSICAL]]-Table1[[#This Row],[THEORETICAL]] -> 0 | K5: =+Table1[[#This Row],[RECEIPTS]] -> 0 | L5: =+Table1[[#This Row],[RETURNS]] -> 0 | M5: =+Table1[[#This Row],[EXCHANGED]] -> 0 | N5: =+Table1[[#This Row],[SALES]] -> 0 | O5: =+Table1[[#This Row],[ISSUES]] -> 0 | P5: =Table1[[#This Row],[RECEIPTS TO]]/1 -> 0 | Q5: =+Table1[[#This Row],[RETURNS ]]/1 -> 0 | R5: =+Table1[[#This Row],[EXCHANGED TO]]/1 -> 0 | S5: =+Table1[[#This Row],[SALES TO]]/1 -> 0 | T5: =+Table1[[#This Row],[ISSUES TO]]/1 -> 0 | U5: =IFERROR(+H5/(P5+Q5+R5+S5+T5),0) -> 0
B6: 0 | C6: 0 | D6: 0 | E6: 0 | F6: 0 | G6: 0 | H6: =+(Table1[[#This Row],[OPENING ]]+Table1[[#This Row],[RECEIPTS]]+Table1[[#This Row],[RETURNS]])-(Table1[[#This Row],[ISSUES]]+Table1[[#This Row],[EXCHANGED]]+Table1[[#This Row],[SALES]]) -> 0 | I6: 0 | J6: =+Table1[[#This Row],[PHYSICAL]]-Table1[[#This Row],[THEORETICAL]] -> 0 | K6: =+Table1[[#This Row],[RECEIPTS]] -> 0 | L6: =+Table1[[#This Row],[RETURNS]] -> 0 | M6: =+Table1[[#This Row],[EXCHANGED]] -> 0 | N6: =+Table1[[#This Row],[SALES]] -> 0 | O6: =+Table1[[#This Row],[ISSUES]] -> 0 | P6: =Table1[[#This Row],[RECEIPTS TO]]/1 -> 0 | Q6: =+Table1[[#This Row],[RETURNS ]]/1 -> 0 | R6: =+Table1[[#This Row],[EXCHANGED TO]]/1 -> 0 | S6: =+Table1[[#This Row],[SALES TO]]/1 -> 0 | T6: =+Table1[[#This Row],[ISSUES TO]]/1 -> 0 | U6: =IFERROR(+H6/(P6+Q6+R6+S6+T6),0) -> 0
B7: 0 | C7: 0 | D7: 0 | E7: 0 | F7: 0 | G7: 0 | H7: =+(Table1[[#This Row],[OPENING ]]+Table1[[#This Row],[RECEIPTS]]+Table1[[#This Row],[RETURNS]])-(Table1[[#This Row],[ISSUES]]+Table1[[#This Row],[EXCHANGED]]+Table1[[#This Row],[SALES]]) -> 0 | I7: 0 | J7: =+Table1[[#This Row],[PHYSICAL]]-Table1[[#This Row],[THEORETICAL]] -> 0 | K7: =+Table1[[#This Row],[RECEIPTS]] -> 0 | L7: =+Table1[[#This Row],[RETURNS]] -> 0 | M7: =+Table1[[#This Row],[EXCHANGED]] -> 0 | N7: =+Table1[[#This Row],[SALES]] -> 0 | O7: =+Table1[[#This Row],[ISSUES]] -> 0 | P7: =Table1[[#This Row],[RECEIPTS TO]]/1 -> 0 | Q7: =+Table1[[#This Row],[RETURNS ]]/1 -> 0 | R7: =+Table1[[#This Row],[EXCHANGED TO]]/1 -> 0 | S7: =+Table1[[#This Row],[SALES TO]]/1 -> 0 | T7: =+Table1[[#This Row],[ISSUES TO]]/1 -> 0 | U7: =IFERROR(+H7/(P7+Q7+R7+S7+T7),0) -> 0
A8: 110*12 PET BOPP | B8: 8.5 | C8: 0 | D8: 0 | E8: 0 | F8: 0 | G8: 0 | H8: =+(Table1[[#This Row],[OPENING ]]+Table1[[#This Row],[RECEIPTS]]+Table1[[#This Row],[RETURNS]])-(Table1[[#This Row],[ISSUES]]+Table1[[#This Row],[EXCHANGED]]+Table1[[#This Row],[SALES]]) -> 8.5 | I8: 8.5 | J8: =+Table1[[#This Row],[PHYSICAL]]-Table1[[#This Row],[THEORETICAL]] -> 0 | K8: =+Table1[[#This Row],[RECEIPTS]] -> 0 | L8: =+Table1[[#This Row],[RETURNS]] -> 0 | M8: =+Table1[[#This Row],[EXCHANGED]] -> 0 | N8: =+Table1[[#This Row],[SALES]] -> 0 | O8: =+Table1[[#This Row],[ISSUES]] -> 0 | P8: =Table1[[#This Row],[RECEIPTS TO]]/1 -> 0 | Q8: =+Table1[[#This Row],[RETURNS ]]/1 -> 0 | R8: =+Table1[[#This Row],[EXCHANGED TO]]/1 -> 0 | S8: =+Table1[[#This Row],[SALES TO]]/1 -> 0 | T8: =+Table1[[#This Row],[ISSUES TO]]/1 -> 0 | U8: =IFERROR(+H8/(P8+Q8+R8+S8+T8),0) -> 0
A9: 115*12 PET BOPP | B9: 15 | C9: 0 | D9: 0 | E9: 0 | F9: 0 | G9: 0 | H9: =+(Table1[[#This Row],[OPENING ]]+Table1[[#This Row],[RECEIPTS]]+Table1[[#This Row],[RETURNS]])-(Table1[[#This Row],[ISSUES]]+Table1[[#This Row],[EXCHANGED]]+Table1[[#This Row],[SALES]]) -> 15 | I9: 15 | J9: =+Table1[[#This Row],[PHYSICAL]]-Table1[[#This Row],[THEORETICAL]] -> 0 | K9: =+Table1[[#This Row],[RECEIPTS]] -> 0 | L9: =+Table1[[#This Row],[RETURNS]] -> 0 | M9: =+Table1[[#This Row],[EXCHANGED]] -> 0 | N9: =+Table1[[#This Row],[SALES]] -> 0 | O9: =+Table1[[#This Row],[ISSUES]] -> 0 | P9: =Table1[[#This Row],[RECEIPTS TO]]/1 -> 0 | Q9: =+Table1[[#This Row],[RETURNS ]]/1 -> 0 | R9: =+Table1[[#This Row],[EXCHANGED TO]]/1 -> 0 | S9: =+Table1[[#This Row],[SALES TO]]/1 -> 0 | T9: =+Table1[[#This Row],[ISSUES TO]]/1 -> 0 | U9: =IFERROR(+H9/(P9+Q9+R9+S9+T9),0) -> 0
A10: 125*12 PET BOPP | B10: 18 | C10: 0 | D10: 0 | E10: 0 | F10: 0 | G10: 0 | H10: =+(Table1[[#This Row],[OPENING ]]+Table1[[#This Row],[RECEIPTS]]+Table1[[#This Row],[RETURNS]])-(Table1[[#This Row],[ISSUES]]+Table1[[#This Row],[EXCHANGED]]+Table1[[#This Row],[SALES]]) -> 18 | I10: 18 | J10: =+Table1[[#This Row],[PHYSICAL]]-Table1[[#This Row],[THEORETICAL]] -> 0 | K10: =+Table1[[#This Row],[RECEIPTS]] -> 0 | L10: =+Table1[[#This Row],[RETURNS]] -> 0 | M10: =+Table1[[#This Row],[EXCHANGED]] -> 0 | N10: =+Table1[[#This Row],[SALES]] -> 0 | O10: =+Table1[[#This Row],[ISSUES]] -> 0 | P10: =Table1[[#This Row],[RECEIPTS TO]]/1 -> 0 | Q10: =+Table1[[#This Row],[RETURNS ]]/1 -> 0 | R10: =+Table1[[#This Row],[EXCHANGED TO]]/1 -> 0 | S10: =+Table1[[#This Row],[SALES TO]]/1 -> 0 | T10: =+Table1[[#This Row],[ISSUES TO]]/1 -> 0 | U10: =IFERROR(+H10/(P10+Q10+R10+S10+T10),0) -> 0
A11: 129*12 PET BOPP | B11: 10 | C11: 0 | D11: 0 | E11: 0 | F11: 0 | G11: 0 | H11: =+(Table1[[#This Row],[OPENING ]]+Table1[[#This Row],[RECEIPTS]]+Table1[[#This Row],[RETURNS]])-(Table1[[#This Row],[ISSUES]]+Table1[[#This Row],[EXCHANGED]]+Table1[[#This Row],[SALES]]) -> 10 | I11: 10 | J11: =+Table1[[#This Row],[PHYSICAL]]-Table1[[#This Row],[THEORETICAL]] -> 0 | K11: =+Table1[[#This Row],[RECEIPTS]] -> 0 | L11: =+Table1[[#This Row],[RETURNS]] -> 0 | M11: =+Table1[[#This Row],[EXCHANGED]] -> 0 | N11: =+Table1[[#This Row],[SALES]] -> 0 | O11: =+Table1[[#This Row],[ISSUES]] -> 0 | P11: =Table1[[#This Row],[RECEIPTS TO]]/1 -> 0 | Q11: =+Table1[[#This Row],[RETURNS ]]/1 -> 0 | R11: =+Table1[[#This Row],[EXCHANGED TO]]/1 -> 0 | S11: =+Table1[[#This Row],[SALES TO]]/1 -> 0 | T11: =+Table1[[#This Row],[ISSUES TO]]/1 -> 0 | U11: =IFERROR(+H11/(P11+Q11+R11+S11+T11),0) -> 0
A12: 150*12 PET BOPP | B12: 28.6 | C12: 0 | D12: 0 | E12: 0 | F12: 0 | G12: 0 | H12: =+(Table1[[#This Row],[OPENING ]]+Table1[[#This Row],[RECEIPTS]]+Table1[[#This Row],[RETURNS]])-(Table1[[#This Row],[ISSUES]]+Table1[[#This Row],[EXCHANGED]]+Table1[[#This Row],[SALES]]) -> 28.6 | I12: 28.6 | J12: =+Table1[[#This Row],[PHYSICAL]]-Table1[[#This Row],[THEORETICAL]] -> 0 | K12: =+Table1[[#This Row],[RECEIPTS]] -> 0 | L12: =+Table1[[#This Row],[RETURNS]] -> 0 | M12: =+Table1[[#This Row],[EXCHANGED]] -> 0 | N12: =+Table1[[#This Row],[SALES]] -> 0 | O12: =+Table1[[#This Row],[ISSUES]] -> 0 | P12: =Table1[[#This Row],[RECEIPTS TO]]/1 -> 0 | Q12: =+Table1[[#This Row],[RETURNS ]]/1 -> 0 | R12: =+Table1[[#This Row],[EXCHANGED TO]]/1 -> 0 | S12: =+Table1[[#This Row],[SALES TO]]/1 -> 0 | T12: =+Table1[[#This Row],[ISSUES TO]]/1 -> 0 | U12: =IFERROR(+H12/(P12+Q12+R12+S12+T12),0) -> 0
A13: 155*12 PET BOPP | B13: 23.5 | C13: 0 | D13: 0 | E13: 0 | F13: 0 | G13: 0 | H13: =+(Table1[[#This Row],[OPENING ]]+Table1[[#This Row],[RECEIPTS]]+Table1[[#This Row],[RETURNS]])-(Table1[[#This Row],[ISSUES]]+Table1[[#This Row],[EXCHANGED]]+Table1[[#This Row],[SALES]]) -> 23.5 | I13: 23.5 | J13: =+Table1[[#This Row],[PHYSICAL]]-Table1[[#This Row],[THEORETICAL]] -> 0 | K13: =+Table1[[#This Row],[RECEIPTS]] -> 0 | L13: =+Table1[[#This Row],[RETURNS]] -> 0 | M13: =+Table1[[#This Row],[EXCHANGED]] -> 0 | N13: =+Table1[[#This Row],[SALES]] -> 0 | O13: =+Table1[[#This Row],[ISSUES]] -> 0 | P13: =Table1[[#This Row],[RECEIPTS TO]]/1 -> 0 | Q13: =+Table1[[#This Row],[RETURNS ]]/1 -> 0 | R13: =+Table1[[#This Row],[EXCHANGED TO]]/1 -> 0 | S13: =+Table1[[#This Row],[SALES TO]]/1 -> 0 | T13: =+Table1[[#This Row],[ISSUES TO]]/1 -> 0 | U13: =IFERROR(+H13/(P13+Q13+R13+S13+T13),0) -> 0
A14: 160*12 PET BOPP | B14: 30.5 | C14: 0 | D14: 0 | E14: 0 | F14: 0 | G14: 0 | H14: =+(Table1[[#This Row],[OPENING ]]+Table1[[#This Row],[RECEIPTS]]+Table1[[#This Row],[RETURNS]])-(Table1[[#This Row],[ISSUES]]+Table1[[#This Row],[EXCHANGED]]+Table1[[#This Row],[SALES]]) -> 30.5 | I14: 30.5 | J14: =+Table1[[#This Row],[PHYSICAL]]-Table1[[#This Row],[THEORETICAL]] -> 0 | K14: =+Table1[[#This Row],[RECEIPTS]] -> 0 | L14: =+Table1[[#This Row],[RETURNS]] -> 0 | M14: =+Table1[[#This Row],[EXCHANGED]] -> 0 | N14: =+Table1[[#This Row],[SALES]] -> 0 | O14: =+Table1[[#This Row],[ISSUES]] -> 0 | P14: =Table1[[#This Row],[RECEIPTS TO]]/1 -> 0 | Q14: =+Table1[[#This Row],[RETURNS ]]/1 -> 0 | R14: =+Table1[[#This Row],[EXCHANGED TO]]/1 -> 0 | S14: =+Table1[[#This Row],[SALES TO]]/1 -> 0 | T14: =+Table1[[#This Row],[ISSUES TO]]/1 -> 0 | U14: =IFERROR(+H14/(P14+Q14+R14+S14+T14),0) -> 0
A15: 165*12 PET BOPP | B15: 33.5 | C15: 0 | D15: 0 | E15: 0 | F15: 0 | G15: 0 | H15: =+(Table1[[#This Row],[OPENING ]]+Table1[[#This Row],[RECEIPTS]]+Table1[[#This Row],[RETURNS]])-(Table1[[#This Row],[ISSUES]]+Table1[[#This Row],[EXCHANGED]]+Table1[[#This Row],[SALES]]) -> 33.5 | I15: 33.5 | J15: =+Table1[[#This Row],[PHYSICAL]]-Table1[[#This Row],[THEORETICAL]] -> 0 | K15: =+Table1[[#This Row],[RECEIPTS]] -> 0 | L15: =+Table1[[#This Row],[RETURNS]] -> 0 | M15: =+Table1[[#This Row],[EXCHANGED]] -> 0 | N15: =+Table1[[#This Row],[SALES]] -> 0 | O15: =+Table1[[#This Row],[ISSUES]] -> 0 | P15: =Table1[[#This Row],[RECEIPTS TO]]/1 -> 0 | Q15: =+Table1[[#This Row],[RETURNS ]]/1 -> 0 | R15: =+Table1[[#This Row],[EXCHANGED TO]]/1 -> 0 | S15: =+Table1[[#This Row],[SALES TO]]/1 -> 0 | T15: =+Table1[[#This Row],[ISSUES TO]]/1 -> 0 | U15: =IFERROR(+H15/(P15+Q15+R15+S15+T15),0) -> 0
A16: 218*12 PET BOPP | B16: 36 | C16: 0 | D16: 0 | E16: 0 | F16: 0 | G16: 0 | H16: =+(Table1[[#This Row],[OPENING ]]+Table1[[#This Row],[RECEIPTS]]+Table1[[#This Row],[RETURNS]])-(Table1[[#This Row],[ISSUES]]+Table1[[#This Row],[EXCHANGED]]+Table1[[#This Row],[SALES]]) -> 36 | I16: 36 | J16: =+Table1[[#This Row],[PHYSICAL]]-Table1[[#This Row],[THEORETICAL]] -> 0 | K16: =+Table1[[#This Row],[RECEIPTS]] -> 0 | L16: =+Table1[[#This Row],[RETURNS]] -> 0 | M16: =+Table1[[#This Row],[EXCHANGED]] -> 0 | N16: =+Table1[[#This Row],[SALES]] -> 0 | O16: =+Table1[[#This Row],[ISSUES]] -> 0 | P16: =Table1[[#This Row],[RECEIPTS TO]]/1 -> 0 | Q16: =+Table1[[#This Row],[RETURNS ]]/1 -> 0 | R16: =+Table1[[#This Row],[EXCHANGED TO]]/1 -> 0 | S16: =+Table1[[#This Row],[SALES TO]]/1 -> 0 | T16: =+Table1[[#This Row],[ISSUES TO]]/1 -> 0 | U16: =IFERROR(+H16/(P16+Q16+R16+S16+T16),0) -> 0
A17: 220*12 PET BOPP | B17: 0 | C17: 0 | D17: 0 | E17: 0 | F17: 0 | G17: 0 | H17: =+(Table1[[#This Row],[OPENING ]]+Table1[[#This Row],[RECEIPTS]]+Table1[[#This Row],[RETURNS]])-(Table1[[#This Row],[ISSUES]]+Table1[[#This Row],[EXCHANGED]]+Table1[[#This Row],[SALES]]) -> 0 | J17: =+Table1[[#This Row],[PHYSICAL]]-Table1[[#This Row],[THEORETICAL]] -> 0 | K17: =+Table1[[#This Row],[RECEIPTS]] -> 0 | L17: =+Table1[[#This Row],[RETURNS]] -> 0 | M17: =+Table1[[#This Row],[EXCHANGED]] -> 0 | N17: =+Table1[[#This Row],[SALES]] -> 0 | O17: =+Table1[[#This Row],[ISSUES]] -> 0 | P17: =Table1[[#This Row],[RECEIPTS TO]]/1 -> 0 | Q17: =+Table1[[#This Row],[RETURNS ]]/1 -> 0 | R17: =+Table1[[#This Row],[EXCHANGED TO]]/1 -> 0 | S17: =+Table1[[#This Row],[SALES TO]]/1 -> 0 | T17: =+Table1[[#This Row],[ISSUES TO]]/1 -> 0 | U17: =IFERROR(+H17/(P17+Q17+R17+S17+T17),0) -> 0
A18: 229*12 PET BOPP | B18: 0 | C18: 0 | D18: 0 | E18: 0 | F18: 0 | G18: 0 | H18: =+(Table1[[#This Row],[OPENING ]]+Table1[[#This Row],[RECEIPTS]]+Table1[[#This Row],[RETURNS]])-(Table1[[#This Row],[ISSUES]]+Table1[[#This Row],[EXCHANGED]]+Table1[[#This Row],[SALES]]) -> 0 | J18: =+Table1[[#This Row],[PHYSICAL]]-Table1[[#This Row],[THEORETICAL]] -> 0 | K18: =+Table1[[#This Row],[RECEIPTS]] -> 0 | L18: =+Table1[[#This Row],[RETURNS]] -> 0 | M18: =+Table1[[#This Row],[EXCHANGED]] -> 0 | N18: =+Table1[[#This Row],[SALES]] -> 0 | O18: =+Table1[[#This Row],[ISSUES]] -> 0 | P18: =Table1[[#This Row],[RECEIPTS TO]]/1 -> 0 | Q18: =+Table1[[#This Row],[RETURNS ]]/1 -> 0 | R18: =+Table1[[#This Row],[EXCHANGED TO]]/1 -> 0 | S18: =+Table1[[#This Row],[SALES TO]]/1 -> 0 | T18: =+Table1[[#This Row],[ISSUES TO]]/1 -> 0 | U18: =IFERROR(+H18/(P18+Q18+R18+S18+T18),0) -> 0
A19: 230*19 PET BOPP | B19: 27 | C19: 0 | D19: 0 | E19: 0 | F19: 0 | G19: 0 | H19: =+(Table1[[#This Row],[OPENING ]]+Table1[[#This Row],[RECEIPTS]]+Table1[[#This Row],[RETURNS]])-(Table1[[#This Row],[ISSUES]]+Table1[[#This Row],[EXCHANGED]]+Table1[[#This Row],[SALES]]) -> 27 | I19: 27 | J19: =+Table1[[#This Row],[PHYSICAL]]-Table1[[#This Row],[THEORETICAL]] -> 0 | K19: =+Table1[[#This Row],[RECEIPTS]] -> 0 | L19: =+Table1[[#This Row],[RETURNS]] -> 0 | M19: =+Table1[[#This Row],[EXCHANGED]] -> 0 | N19: =+Table1[[#This Row],[SALES]] -> 0 | O19: =+Table1[[#This Row],[ISSUES]] -> 0 | P19: =Table1[[#This Row],[RECEIPTS TO]]/1 -> 0 | Q19: =+Table1[[#This Row],[RETURNS ]]/1 -> 0 | R19: =+Table1[[#This Row],[EXCHANGED TO]]/1 -> 0 | S19: =+Table1[[#This Row],[SALES TO]]/1 -> 0 | T19: =+Table1[[#This Row],[ISSUES TO]]/1 -> 0 | U19: =IFERROR(+H19/(P19+Q19+R19+S19+T19),0) -> 0
A20: 190*12 PET BOPP | B20: 228.5 | C20: 0 | D20: 0 | E20: 0 | F20: 0 | G20: 0 | H20: =+(Table1[[#This Row],[OPENING ]]+Table1[[#This Row],[RECEIPTS]]+Table1[[#This Row],[RETURNS]])-(Table1[[#This Row],[ISSUES]]+Table1[[#This Row],[EXCHANGED]]+Table1[[#This Row],[SALES]]) -> 228.5 | I20: 228.5 | J20: =+Table1[[#This Row],[PHYSICAL]]-Table1[[#This Row],[THEORETICAL]] -> 0 | K20: =+Table1[[#This Row],[RECEIPTS]] -> 0 | L20: =+Table1[[#This Row],[RETURNS]] -> 0 | M20: =+Table1[[#This Row],[EXCHANGED]] -> 0 | N20: =+Table1[[#This Row],[SALES]] -> 0 | O20: =+Table1[[#This Row],[ISSUES]] -> 0 | P20: =Table1[[#This Row],[RECEIPTS TO]]/1 -> 0 | Q20: =+Table1[[#This Row],[RETURNS ]]/1 -> 0 | R20: =+Table1[[#This Row],[EXCHANGED TO]]/1 -> 0 | S20: =+Table1[[#This Row],[SALES TO]]/1 -> 0 | T20: =+Table1[[#This Row],[ISSUES TO]]/1 -> 0 | U20: =IFERROR(+H20/(P20+Q20+R20+S20+T20),0) -> 0
A21: 170 *12 PET BOPP | B21: 70 | C21: 0 | D21: 0 | E21: 0 | F21: 0 | G21: 0 | H21: =+(Table1[[#This Row],[OPENING ]]+Table1[[#This Row],[RECEIPTS]]+Table1[[#This Row],[RETURNS]])-(Table1[[#This Row],[ISSUES]]+Table1[[#This Row],[EXCHANGED]]+Table1[[#This Row],[SALES]]) -> 70 | I21: 70 | J21: =+Table1[[#This Row],[PHYSICAL]]-Table1[[#This Row],[THEORETICAL]] -> 0 | K21: =+Table1[[#This Row],[RECEIPTS]] -> 0 | L21: =+Table1[[#This Row],[RETURNS]] -> 0 | M21: =+Table1[[#This Row],[EXCHANGED]] -> 0 | N21: =+Table1[[#This Row],[SALES]] -> 0 | O21: =+Table1[[#This Row],[ISSUES]] -> 0 | P21: =Table1[[#This Row],[RECEIPTS TO]]/1 -> 0 | Q21: =+Table1[[#This Row],[RETURNS ]]/1 -> 0 | R21: =+Table1[[#This Row],[EXCHANGED TO]]/1 -> 0 | S21: =+Table1[[#This Row],[SALES TO]]/1 -> 0 | T21: =+Table1[[#This Row],[ISSUES TO]]/1 -> 0 | U21: =IFERROR(+H21/(P21+Q21+R21+S21+T21),0) -> 0
A22: 140*12 PET BOPP | B22: 14 | C22: 0 | D22: 0 | E22: 0 | F22: 0 | G22: 0 | H22: =+(Table1[[#This Row],[OPENING ]]+Table1[[#This Row],[RECEIPTS]]+Table1[[#This Row],[RETURNS]])-(Table1[[#This Row],[ISSUES]]+Table1[[#This Row],[EXCHANGED]]+Table1[[#This Row],[SALES]]) -> 14 | I22: 14 | J22: =+Table1[[#This Row],[PHYSICAL]]-Table1[[#This Row],[THEORETICAL]] -> 0 | K22: =+Table1[[#This Row],[RECEIPTS]] -> 0 | L22: =+Table1[[#This Row],[RETURNS]] -> 0 | M22: =+Table1[[#This Row],[EXCHANGED]] -> 0 | N22: =+Table1[[#This Row],[SALES]] -> 0 | O22: =+Table1[[#This Row],[ISSUES]] -> 0 | P22: =Table1[[#This Row],[RECEIPTS TO]]/1 -> 0 | Q22: =+Table1[[#This Row],[RETURNS ]]/1 -> 0 | R22: =+Table1[[#This Row],[EXCHANGED TO]]/1 -> 0 | S22: =+Table1[[#This Row],[SALES TO]]/1 -> 0 | T22: =+Table1[[#This Row],[ISSUES TO]]/1 -> 0 | U22: =IFERROR(+H22/(P22+Q22+R22+S22+T22),0) -> 0
A23: 290*12 PET BOPP | B23: 70 | C23: 0 | D23: 0 | E23: 0 | F23: 0 | G23: 0 | H23: =+(Table1[[#This Row],[OPENING ]]+Table1[[#This Row],[RECEIPTS]]+Table1[[#This Row],[RETURNS]])-(Table1[[#This Row],[ISSUES]]+Table1[[#This Row],[EXCHANGED]]+Table1[[#This Row],[SALES]]) -> 70 | I23: 70 | J23: =+Table1[[#This Row],[PHYSICAL]]-Table1[[#This Row],[THEORETICAL]] -> 0 | K23: =+Table1[[#This Row],[RECEIPTS]] -> 0 | L23: =+Table1[[#This Row],[RETURNS]] -> 0 | M23: =+Table1[[#This Row],[EXCHANGED]] -> 0 | N23: =+Table1[[#This Row],[SALES]] -> 0 | O23: =+Table1[[#This Row],[ISSUES]] -> 0 | P23: =Table1[[#This Row],[RECEIPTS TO]]/1 -> 0 | Q23: =+Table1[[#This Row],[RETURNS ]]/1 -> 0 | R23: =+Table1[[#This Row],[EXCHANGED TO]]/1 -> 0 | S23: =+Table1[[#This Row],[SALES TO]]/1 -> 0 | T23: =+Table1[[#This Row],[ISSUES TO]]/1 -> 0 | U23: =IFERROR(+H23/(P23+Q23+R23+S23+T23),0) -> 0
A24: 320*12 PET BOPP | B24: 49 | C24: 0 | D24: 0 | E24: 0 | F24: 0 | G24: 0 | H24: =+(Table1[[#This Row],[OPENING ]]+Table1[[#This Row],[RECEIPTS]]+Table1[[#This Row],[RETURNS]])-(Table1[[#This Row],[ISSUES]]+Table1[[#This Row],[EXCHANGED]]+Table1[[#This Row],[SALES]]) -> 49 | I24: 49 | J24: =+Table1[[#This Row],[PHYSICAL]]-Table1[[#This Row],[THEORETICAL]] -> 0 | K24: =+Table1[[#This Row],[RECEIPTS]] -> 0 | L24: =+Table1[[#This Row],[RETURNS]] -> 0 | M24: =+Table1[[#This Row],[EXCHANGED]] -> 0 | N24: =+Table1[[#This Row],[SALES]] -> 0 | O24: =+Table1[[#This Row],[ISSUES]] -> 0 | P24: =Table1[[#This Row],[RECEIPTS TO]]/1 -> 0 | Q24: =+Table1[[#This Row],[RETURNS ]]/1 -> 0 | R24: =+Table1[[#This Row],[EXCHANGED TO]]/1 -> 0 | S24: =+Table1[[#This Row],[SALES TO]]/1 -> 0 | T24: =+Table1[[#This Row],[ISSUES TO]]/1 -> 0 | U24: =IFERROR(+H24/(P24+Q24+R24+S24+T24),0) -> 0
B25: 0 | C25: 0 | D25: 0 | E25: 0 | F25: 0 | G25: 0 | H25: =+(Table1[[#This Row],[OPENING ]]+Table1[[#This Row],[RECEIPTS]]+Table1[[#This Row],[RETURNS]])-(Table1[[#This Row],[ISSUES]]+Table1[[#This Row],[EXCHANGED]]+Table1[[#This Row],[SALES]]) -> 0 | J25: =+Table1[[#This Row],[PHYSICAL]]-Table1[[#This Row],[THEORETICAL]] -> 0 | K25: =+Table1[[#This Row],[RECEIPTS]] -> 0 | L25: =+Table1[[#This Row],[RETURNS]] -> 0 | M25: =+Table1[[#This Row],[EXCHANGED]] -> 0 | N25: =+Table1[[#This Row],[SALES]] -> 0 | O25: =+Table1[[#This Row],[ISSUES]] -> 0 | P25: =Table1[[#This Row],[RECEIPTS TO]]/1 -> 0 | Q25: =+Table1[[#This Row],[RETURNS ]]/1 -> 0 | R25: =+Table1[[#This Row],[EXCHANGED TO]]/1 -> 0 | S25: =+Table1[[#This Row],[SALES TO]]/1 -> 0 | T25: =+Table1[[#This Row],[ISSUES TO]]/1 -> 0 | U25: =IFERROR(+H25/(P25+Q25+R25+S25+T25),0) -> 0
A26: CLEAR BOPP | B26: 0 | C26: 0 | D26: 0 | E26: 0 | F26: 0 | G26: 0 | H26: =+(Table1[[#This Row],[OPENING ]]+Table1[[#This Row],[RECEIPTS]]+Table1[[#This Row],[RETURNS]])-(Table1[[#This Row],[ISSUES]]+Table1[[#This Row],[EXCHANGED]]+Table1[[#This Row],[SALES]]) -> 0 | J26: =+Table1[[#This Row],[PHYSICAL]]-Table1[[#This Row],[THEORETICAL]] -> 0 | K26: =+Table1[[#This Row],[RECEIPTS]] -> 0 | L26: =+Table1[[#This Row],[RETURNS]] -> 0 | M26: =+Table1[[#This Row],[EXCHANGED]] -> 0 | N26: =+Table1[[#This Row],[SALES]] -> 0 | O26: =+Table1[[#This Row],[ISSUES]] -> 0 | P26: =Table1[[#This Row],[RECEIPTS TO]]/1 -> 0 | Q26: =+Table1[[#This Row],[RETURNS ]]/1 -> 0 | R26: =+Table1[[#This Row],[EXCHANGED TO]]/1 -> 0 | S26: =+Table1[[#This Row],[SALES TO]]/1 -> 0 | T26: =+Table1[[#This Row],[ISSUES TO]]/1 -> 0 | U26: =IFERROR(+H26/(P26+Q26+R26+S26+T26),0) -> 0
A27: 755*18 CLEAR BOPP | B27: 506.2 | C27: 0 | D27: 0 | E27: 0 | F27: 0 | G27: 0 | H27: =+(Table1[[#This Row],[OPENING ]]+Table1[[#This Row],[RECEIPTS]]+Table1[[#This Row],[RETURNS]])-(Table1[[#This Row],[ISSUES]]+Table1[[#This Row],[EXCHANGED]]+Table1[[#This Row],[SALES]]) -> 506.2 | I27: 506.2 | J27: =+Table1[[#This Row],[PHYSICAL]]-Table1[[#This Row],[THEORETICAL]] -> 0 | U27: =IFERROR(+H27/(P27+Q27+R27+S27+T27),0) -> 0
A28: 300 MM X 20 UM COOL CYCLONE | B28: 0 | C28: 0 | D28: 0 | E28: 0 | F28: 0 | G28: 0 | H28: =+(Table1[[#This Row],[OPENING ]]+Table1[[#This Row],[RECEIPTS]]+Table1[[#This Row],[RETURNS]])-(Table1[[#This Row],[ISSUES]]+Table1[[#This Row],[EXCHANGED]]+Table1[[#This Row],[SALES]]) -> 0 | J28: =+Table1[[#This Row],[PHYSICAL]]-Table1[[#This Row],[THEORETICAL]] -> 0 | U28: =IFERROR(+H28/(P28+Q28+R28+S28+T28),0) -> 0
A29: 570 MM X 20 UM COOL CYCLONE | B29: 318.3 | C29: 0 | D29: 0 | E29: 0 | F29: 0 | G29: 0 | H29: =+(Table1[[#This Row],[OPENING ]]+Table1[[#This Row],[RECEIPTS]]+Table1[[#This Row],[RETURNS]])-(Table1[[#This Row],[ISSUES]]+Table1[[#This Row],[EXCHANGED]]+Table1[[#This Row],[SALES]]) -> 318.3 | I29: 318.3 | J29: =+Table1[[#This Row],[PHYSICAL]]-Table1[[#This Row],[THEORETICAL]] -> 0 | U29: =IFERROR(+H29/(P29+Q29+R29+S29+T29),0) -> 0
A30: 550 MM X 20 UM COOL CYCLONE | B30: 0 | C30: 0 | D30: 0 | E30: 0 | F30: 0 | G30: 0 | H30: =+(Table1[[#This Row],[OPENING ]]+Table1[[#This Row],[RECEIPTS]]+Table1[[#This Row],[RETURNS]])-(Table1[[#This Row],[ISSUES]]+Table1[[#This Row],[EXCHANGED]]+Table1[[#This Row],[SALES]]) -> 0 | I30: 0 | J30: =+Table1[[#This Row],[PHYSICAL]]-Table1[[#This Row],[THEORETICAL]] -> 0 | U30: =IFERROR(+H30/(P30+Q30+R30+S30+T30),0) -> 0
A31: 1100 MM X 30 UM COOL CYCLONE | B31: 0 | C31: 0 | D31: 0 | E31: 0 | F31: 0 | G31: 0 | H31: =+(Table1[[#This Row],[OPENING ]]+Table1[[#This Row],[RECEIPTS]]+Table1[[#This Row],[RETURNS]])-(Table1[[#This Row],[ISSUES]]+Table1[[#This Row],[EXCHANGED]]+Table1[[#This Row],[SALES]]) -> 0 | J31: =+Table1[[#This Row],[PHYSICAL]]-Table1[[#This Row],[THEORETICAL]] -> 0 | U31: =IFERROR(+H31/(P31+Q31+R31+S31+T31),0) -> 0
A32: 1100 MM X 30 UM SRF | B32: 0 | C32: 0 | D32: 0 | E32: 0 | F32: 0 | G32: 0 | H32: =+(Table1[[#This Row],[OPENING ]]+Table1[[#This Row],[RECEIPTS]]+Table1[[#This Row],[RETURNS]])-(Table1[[#This Row],[ISSUES]]+Table1[[#This Row],[EXCHANGED]]+Table1[[#This Row],[SALES]]) -> 0 | J32: =+Table1[[#This Row],[PHYSICAL]]-Table1[[#This Row],[THEORETICAL]] -> 0 | U32: =IFERROR(+H32/(P32+Q32+R32+S32+T32),0) -> 0
A33: 390 MM X 20 UM | B33: 0 | C33: 0 | D33: 0 | E33: 0 | F33: 0 | G33: 0 | H33: =+(Table1[[#This Row],[OPENING ]]+Table1[[#This Row],[RECEIPTS]]+Table1[[#This Row],[RETURNS]])-(Table1[[#This Row],[ISSUES]]+Table1[[#This Row],[EXCHANGED]]+Table1[[#This Row],[SALES]]) -> 0 | J33: =+Table1[[#This Row],[PHYSICAL]]-Table1[[#This Row],[THEORETICAL]] -> 0 | U33: =IFERROR(+H33/(P33+Q33+R33+S33+T33),0) -> 0
A34: 550 MM X 30UM | B34: 58.1 | C34: 0 | D34: 0 | E34: 0 | F34: 0 | G34: 0 | H34: =+(Table1[[#This Row],[OPENING ]]+Table1[[#This Row],[RECEIPTS]]+Table1[[#This Row],[RETURNS]])-(Table1[[#This Row],[ISSUES]]+Table1[[#This Row],[EXCHANGED]]+Table1[[#This Row],[SALES]]) -> 58.1 | I34: 58.1 | J34: =+Table1[[#This Row],[PHYSICAL]]-Table1[[#This Row],[THEORETICAL]] -> 0 | U34: =IFERROR(+H34/(P34+Q34+R34+S34+T34),0) -> 0
A35: 400 MM X 30 UM | B35: 0 | C35: 0 | D35: 0 | E35: 0 | F35: 0 | G35: 0 | H35: =+(Table1[[#This Row],[OPENING ]]+Table1[[#This Row],[RECEIPTS]]+Table1[[#This Row],[RETURNS]])-(Table1[[#This Row],[ISSUES]]+Table1[[#This Row],[EXCHANGED]]+Table1[[#This Row],[SALES]]) -> 0 | J35: =+Table1[[#This Row],[PHYSICAL]]-Table1[[#This Row],[THEORETICAL]] -> 0 | U35: =IFERROR(+H35/(P35+Q35+R35+S35+T35),0) -> 0
A36: 640 MM X 20 UM | B36: 31.35 | C36: 0 | D36: 0 | E36: 0 | F36: 0 | G36: 0 | H36: =+(Table1[[#This Row],[OPENING ]]+Table1[[#This Row],[RECEIPTS]]+Table1[[#This Row],[RETURNS]])-(Table1[[#This Row],[ISSUES]]+Table1[[#This Row],[EXCHANGED]]+Table1[[#This Row],[SALES]]) -> 31.35 | I36: 31.35 | J36: =+Table1[[#This Row],[PHYSICAL]]-Table1[[#This Row],[THEORETICAL]] -> 0 | U36: =IFERROR(+H36/(P36+Q36+R36+S36+T36),0) -> 0
A37: 400 MM x 20 UM COOL CYCLONE | B37: 0 | C37: 0 | D37: 0 | E37: 0 | F37: 0 | G37: 0 | H37: =+(Table1[[#This Row],[OPENING ]]+Table1[[#This Row],[RECEIPTS]]+Table1[[#This Row],[RETURNS]])-(Table1[[#This Row],[ISSUES]]+Table1[[#This Row],[EXCHANGED]]+Table1[[#This Row],[SALES]]) -> 0 | J37: =+Table1[[#This Row],[PHYSICAL]]-Table1[[#This Row],[THEORETICAL]] -> 0 | U37: =IFERROR(+H37/(P37+Q37+R37+S37+T37),0) -> 0
A38: TOTAL BOPP | B38: =SUM(B5:B37) -> 1576.05 | C38: =SUM(C5:C37) -> 0 | D38: =SUM(D5:D37) -> 0 | E38: =SUM(E5:E37) -> 0 | F38: =SUM(F5:F37) -> 0 | G38: =SUM(G5:G37) -> 0 | H38: =SUM(H5:H37) -> 1576.05 | I38: =SUM(I5:I37) -> 1576.05 | ... U38: =SUM(U5:U37) -> 0
A39: TAEJIN BOPP
A40: HEAT SEALABLE CLEAR BOPP FILM TREATED OUTSIDE
A41: 20UM X 450 MM X L 14800 M | B41: 452.6 | C41: 0 | D41: 0 | E41: 0 | F41: 0 | G41: 0 | H41: =+(Table1[[#This Row],[OPENING ]]+Table1[[#This Row],[RECEIPTS]]+Table1[[#This Row],[RETURNS]])-(Table1[[#This Row],[ISSUES]]+Table1[[#This Row],[EXCHANGED]]+Table1[[#This Row],[SALES]]) -> 452.6 | I41: 452.6 | J41: =+Table1[[#This Row],[PHYSICAL]]-Table1[[#This Row],[THEORETICAL]] -> 0 | K41: =+Table1[[#This Row],[RECEIPTS]] -> 0 | L41: =+Table1[[#This Row],[RETURNS]] -> 0 | M41: =+Table1[[#This Row],[EXCHANGED]] -> 0 | N41: =+Table1[[#This Row],[SALES]] -> 0 | O41: =+Table1[[#This Row],[ISSUES]] -> 0 | P41: =Table1[[#This Row],[RECEIPTS TO]]/1 -> 0 | Q41: =+Table1[[#This Row],[RETURNS ]]/1 -> 0 | R41: =+Table1[[#This Row],[EXCHANGED TO]]/1 -> 0 | S41: =+Table1[[#This Row],[SALES TO]]/1 -> 0 | T41: =+Table1[[#This Row],[ISSUES TO]]/1 -> 0 | U41: =IFERROR(+H41/(P41+Q41+R41+S41+T41),0) -> 0
A42: 20UM X 500 MM X L 14800 M | B42: 555.6 | C42: 0 | D42: 0 | E42: 0 | F42: 0 | G42: 0 | H42: =+(Table1[[#This Row],[OPENING ]]+Table1[[#This Row],[RECEIPTS]]+Table1[[#This Row],[RETURNS]])-(Table1[[#This Row],[ISSUES]]+Table1[[#This Row],[EXCHANGED]]+Table1[[#This Row],[SALES]]) -> 555.6 | I42: 555.6 | J42: =+Table1[[#This Row],[PHYSICAL]]-Table1[[#This Row],[THEORETICAL]] -> 0 | K42: =+Table1[[#This Row],[RECEIPTS]] -> 0 | L42: =+Table1[[#This Row],[RETURNS]] -> 0 | M42: =+Table1[[#This Row],[EXCHANGED]] -> 0 | N42: =+Table1[[#This Row],[SALES]] -> 0 | O42: =+Table1[[#This Row],[ISSUES]] -> 0 | P42: =Table1[[#This Row],[RECEIPTS TO]]/1 -> 0 | Q42: =+Table1[[#This Row],[RETURNS ]]/1 -> 0 | R42: =+Table1[[#This Row],[EXCHANGED TO]]/1 -> 0 | S42: =+Table1[[#This Row],[SALES TO]]/1 -> 0 | T42: =+Table1[[#This Row],[ISSUES TO]]/1 -> 0 | U42: =IFERROR(+H42/(P42+Q42+R42+S42+T42),0) -> 0
A43: 20UM X 600 MM X L 14800 M | B43: 0 | C43: 0 | D43: 0 | E43: 0 | F43: 0 | G43: 0 | H43: =+(Table1[[#This Row],[OPENING ]]+Table1[[#This Row],[RECEIPTS]]+Table1[[#This Row],[RETURNS]])-(Table1[[#This Row],[ISSUES]]+Table1[[#This Row],[EXCHANGED]]+Table1[[#This Row],[SALES]]) -> 0 | J43: =+Table1[[#This Row],[PHYSICAL]]-Table1[[#This Row],[THEORETICAL]] -> 0 | K43: =+Table1[[#This Row],[RECEIPTS]] -> 0 | L43: =+Table1[[#This Row],[RETURNS]] -> 0 | M43: =+Table1[[#This Row],[EXCHANGED]] -> 0 | N43: =+Table1[[#This Row],[SALES]] -> 0 | O43: =+Table1[[#This Row],[ISSUES]] -> 0 | P43: =Table1[[#This Row],[RECEIPTS TO]]/1 -> 0 | Q43: =+Table1[[#This Row],[RETURNS ]]/1 -> 0 | R43: =+Table1[[#This Row],[EXCHANGED TO]]/1 -> 0 | S43: =+Table1[[#This Row],[SALES TO]]/1 -> 0 | T43: =+Table1[[#This Row],[ISSUES TO]]/1 -> 0 | U43: =IFERROR(+H43/(P43+Q43+R43+S43+T43),0) -> 0
A44: 20UM X 800 MM X L 14800 M | B44: 0 | C44: 0 | D44: 0 | E44: 0 | F44: 0 | G44: 0 | H44: =+(Table1[[#This Row],[OPENING ]]+Table1[[#This Row],[RECEIPTS]]+Table1[[#This Row],[RETURNS]])-(Table1[[#This Row],[ISSUES]]+Table1[[#This Row],[EXCHANGED]]+Table1[[#This Row],[SALES]]) -> 0 | J44: =+Table1[[#This Row],[PHYSICAL]]-Table1[[#This Row],[THEORETICAL]] -> 0 | K44: =+Table1[[#This Row],[RECEIPTS]] -> 0 | L44: =+Table1[[#This Row],[RETURNS]] -> 0 | M44: =+Table1[[#This Row],[EXCHANGED]] -> 0 | N44: =+Table1[[#This Row],[SALES]] -> 0 | O44: =+Table1[[#This Row],[ISSUES]] -> 0 | P44: =Table1[[#This Row],[RECEIPTS TO]]/1 -> 0 | Q44: =+Table1[[#This Row],[RETURNS ]]/1 -> 0 | R44: =+Table1[[#This Row],[EXCHANGED TO]]/1 -> 0 | S44: =+Table1[[#This Row],[SALES TO]]/1 -> 0 | T44: =+Table1[[#This Row],[ISSUES TO]]/1 -> 0 | U44: =IFERROR(+H44/(P44+Q44+R44+S44+T44),0) -> 0
A45: 20UM X 780 MM X 6000 M | B45: 81.3 | C45: 0 | D45: 0 | E45: 0 | F45: 0 | G45: 0 | H45: =+(Table1[[#This Row],[OPENING ]]+Table1[[#This Row],[RECEIPTS]]+Table1[[#This Row],[RETURNS]])-(Table1[[#This Row],[ISSUES]]+Table1[[#This Row],[EXCHANGED]]+Table1[[#This Row],[SALES]]) -> 81.3 | I45: 81.3 | J45: =+Table1[[#This Row],[PHYSICAL]]-Table1[[#This Row],[THEORETICAL]] -> 0 | K45: =+Table1[[#This Row],[RECEIPTS]] -> 0 | L45: =+Table1[[#This Row],[RETURNS]] -> 0 | M45: =+Table1[[#This Row],[EXCHANGED]] -> 0 | N45: =+Table1[[#This Row],[SALES]] -> 0 | O45: =+Table1[[#This Row],[ISSUES]] -> 0 | P45: =Table1[[#This Row],[RECEIPTS TO]]/1 -> 0 | Q45: =+Table1[[#This Row],[RETURNS ]]/1 -> 0 | R45: =+Table1[[#This Row],[EXCHANGED TO]]/1 -> 0 | S45: =+Table1[[#This Row],[SALES TO]]/1 -> 0 | T45: =+Table1[[#This Row],[ISSUES TO]]/1 -> 0 | U45: =IFERROR(+H45/(P45+Q45+R45+S45+T45),0) -> 0
A46: 20UM X 550 MM | B46: 122.2 | C46: 0 | D46: 0 | E46: 0 | F46: 0 | G46: 0 | H46: =+(Table1[[#This Row],[OPENING ]]+Table1[[#This Row],[RECEIPTS]]+Table1[[#This Row],[RETURNS]])-(Table1[[#This Row],[ISSUES]]+Table1[[#This Row],[EXCHANGED]]+Table1[[#This Row],[SALES]]) -> 122.2 | I46: 122.2 | J46: =+Table1[[#This Row],[PHYSICAL]]-Table1[[#This Row],[THEORETICAL]] -> 0 | K46: =+Table1[[#This Row],[RECEIPTS]] -> 0 | L46: =+Table1[[#This Row],[RETURNS]] -> 0 | M46: =+Table1[[#This Row],[EXCHANGED]] -> 0 | N46: =+Table1[[#This Row],[SALES]] -> 0 | O46: =+Table1[[#This Row],[ISSUES]] -> 0 | P46: =Table1[[#This Row],[RECEIPTS TO]]/1 -> 0 | Q46: =+Table1[[#This Row],[RETURNS ]]/1 -> 0 | R46: =+Table1[[#This Row],[EXCHANGED TO]]/1 -> 0 | S46: =+Table1[[#This Row],[SALES TO]]/1 -> 0 | T46: =+Table1[[#This Row],[ISSUES TO]]/1 -> 0 | U46: =IFERROR(+H46/(P46+Q46+R46+S46+T46),0) -> 0
A47: 30UM X 290 MM | B47: 0 | C47: 0 | D47: 0 | E47: 0 | F47: 0 | G47: 0 | H47: =+(Table1[[#This Row],[OPENING ]]+Table1[[#This Row],[RECEIPTS]]+Table1[[#This Row],[RETURNS]])-(Table1[[#This Row],[ISSUES]]+Table1[[#This Row],[EXCHANGED]]+Table1[[#This Row],[SALES]]) -> 0 | J47: =+Table1[[#This Row],[PHYSICAL]]-Table1[[#This Row],[THEORETICAL]] -> 0 | K47: =+Table1[[#This Row],[RECEIPTS]] -> 0 | L47: =+Table1[[#This Row],[RETURNS]] -> 0 | M47: =+Table1[[#This Row],[EXCHANGED]] -> 0 | N47: =+Table1[[#This Row],[SALES]] -> 0 | O47: =+Table1[[#This Row],[ISSUES]] -> 0 | P47: =Table1[[#This Row],[RECEIPTS TO]]/1 -> 0 | Q47: =+Table1[[#This Row],[RETURNS ]]/1 -> 0 | R47: =+Table1[[#This Row],[EXCHANGED TO]]/1 -> 0 | S47: =+Table1[[#This Row],[SALES TO]]/1 -> 0 | T47: =+Table1[[#This Row],[ISSUES TO]]/1 -> 0 | U47: =IFERROR(+H47/(P47+Q47+R47+S47+T47),0) -> 0
A48: 30UM X 330 MM | B48: 7 | C48: 0 | D48: 0 | E48: 0 | F48: 0 | G48: 0 | H48: =+(Table1[[#This Row],[OPENING ]]+Table1[[#This Row],[RECEIPTS]]+Table1[[#This Row],[RETURNS]])-(Table1[[#This Row],[ISSUES]]+Table1[[#This Row],[EXCHANGED]]+Table1[[#This Row],[SALES]]) -> 7 | I48: 7 | J48: =+Table1[[#This Row],[PHYSICAL]]-Table1[[#This Row],[THEORETICAL]] -> 0 | K48: =+Table1[[#This Row],[RECEIPTS]] -> 0 | L48: =+Table1[[#This Row],[RETURNS]] -> 0 | M48: =+Table1[[#This Row],[EXCHANGED]] -> 0 | N48: =+Table1[[#This Row],[SALES]] -> 0 | O48: =+Table1[[#This Row],[ISSUES]] -> 0 | P48: =Table1[[#This Row],[RECEIPTS TO]]/1 -> 0 | Q48: =+Table1[[#This Row],[RETURNS ]]/1 -> 0 | R48: =+Table1[[#This Row],[EXCHANGED TO]]/1 -> 0 | S48: =+Table1[[#This Row],[SALES TO]]/1 -> 0 | T48: =+Table1[[#This Row],[ISSUES TO]]/1 -> 0 | U48: =IFERROR(+H48/(P48+Q48+R48+S48+T48),0) -> 0
A49: 30UM X 450 MM | B49: 17.3 | C49: 0 | D49: 0 | E49: 0 | F49: 0 | G49: 0 | H49: =+(Table1[[#This Row],[OPENING ]]+Table1[[#This Row],[RECEIPTS]]+Table1[[#This Row],[RETURNS]])-(Table1[[#This Row],[ISSUES]]+Table1[[#This Row],[EXCHANGED]]+Table1[[#This Row],[SALES]]) -> 17.3 | I49: 17.3 | J49: =+Table1[[#This Row],[PHYSICAL]]-Table1[[#This Row],[THEORETICAL]] -> 0 | K49: =+Table1[[#This Row],[RECEIPTS]] -> 0 | L49: =+Table1[[#This Row],[RETURNS]] -> 0 | M49: =+Table1[[#This Row],[EXCHANGED]] -> 0 | N49: =+Table1[[#This Row],[SALES]] -> 0 | O49: =+Table1[[#This Row],[ISSUES]] -> 0 | P49: =Table1[[#This Row],[RECEIPTS TO]]/1 -> 0 | Q49: =+Table1[[#This Row],[RETURNS ]]/1 -> 0 | R49: =+Table1[[#This Row],[EXCHANGED TO]]/1 -> 0 | S49: =+Table1[[#This Row],[SALES TO]]/1 -> 0 | T49: =+Table1[[#This Row],[ISSUES TO]]/1 -> 0 | U49: =IFERROR(+H49/(P49+Q49+R49+S49+T49),0) -> 0
A50: 30UM X 480 MM | B50: 540.5 | C50: 0 | D50: 0 | E50: 0 | F50: 0 | G50: 0 | H50: =+(Table1[[#This Row],[OPENING ]]+Table1[[#This Row],[RECEIPTS]]+Table1[[#This Row],[RETURNS]])-(Table1[[#This Row],[ISSUES]]+Table1[[#This Row],[EXCHANGED]]+Table1[[#This Row],[SALES]]) -> 540.5 | I50: 540.5 | J50: =+Table1[[#This Row],[PHYSICAL]]-Table1[[#This Row],[THEORETICAL]] -> 0 | K50: =+Table1[[#This Row],[RECEIPTS]] -> 0 | L50: =+Table1[[#This Row],[RETURNS]] -> 0 | M50: =+Table1[[#This Row],[EXCHANGED]] -> 0 | N50: =+Table1[[#This Row],[SALES]] -> 0 | O50: =+Table1[[#This Row],[ISSUES]] -> 0 | P50: =Table1[[#This Row],[RECEIPTS TO]]/1 -> 0 | Q50: =+Table1[[#This Row],[RETURNS ]]/1 -> 0 | R50: =+Table1[[#This Row],[EXCHANGED TO]]/1 -> 0 | S50: =+Table1[[#This Row],[SALES TO]]/1 -> 0 | T50: =+Table1[[#This Row],[ISSUES TO]]/1 -> 0 | U50: =IFERROR(+H50/(P50+Q50+R50+S50+T50),0) -> 0
A51: 30UM X 490 MM | B51: 0 | C51: 0 | D51: 0 | E51: 0 | F51: 0 | G51: 0 | H51: =+(Table1[[#This Row],[OPENING ]]+Table1[[#This Row],[RECEIPTS]]+Table1[[#This Row],[RETURNS]])-(Table1[[#This Row],[ISSUES]]+Table1[[#This Row],[EXCHANGED]]+Table1[[#This Row],[SALES]]) -> 0 | I51: 0 | J51: =+Table1[[#This Row],[PHYSICAL]]-Table1[[#This Row],[THEORETICAL]] -> 0 | K51: =+Table1[[#This Row],[RECEIPTS]] -> 0 | L51: =+Table1[[#This Row],[RETURNS]] -> 0 | M51: =+Table1[[#This Row],[EXCHANGED]] -> 0 | N51: =+Table1[[#This Row],[SALES]] -> 0 | O51: =+Table1[[#This Row],[ISSUES]] -> 0 | P51: =Table1[[#This Row],[RECEIPTS TO]]/1 -> 0 | Q51: =+Table1[[#This Row],[RETURNS ]]/1 -> 0 | R51: =+Table1[[#This Row],[EXCHANGED TO]]/1 -> 0 | S51: =+Table1[[#This Row],[SALES TO]]/1 -> 0 | T51: =+Table1[[#This Row],[ISSUES TO]]/1 -> 0 | U51: =IFERROR(+H51/(P51+Q51+R51+S51+T51),0) -> 0
A52: 30UM X 560 MM | B52: 0 | C52: 0 | D52: 0 | E52: 0 | F52: 0 | G52: 0 | H52: =+(Table1[[#This Row],[OPENING ]]+Table1[[#This Row],[RECEIPTS]]+Table1[[#This Row],[RETURNS]])-(Table1[[#This Row],[ISSUES]]+Table1[[#This Row],[EXCHANGED]]+Table1[[#This Row],[SALES]]) -> 0 | J52: =+Table1[[#This Row],[PHYSICAL]]-Table1[[#This Row],[THEORETICAL]] -> 0 | K52: =+Table1[[#This Row],[RECEIPTS]] -> 0 | L52: =+Table1[[#This Row],[RETURNS]] -> 0 | M52: =+Table1[[#This Row],[EXCHANGED]] -> 0 | N52: =+Table1[[#This Row],[SALES]] -> 0 | O52: =+Table1[[#This Row],[ISSUES]] -> 0 | P52: =Table1[[#This Row],[RECEIPTS TO]]/1 -> 0 | Q52: =+Table1[[#This Row],[RETURNS ]]/1 -> 0 | R52: =+Table1[[#This Row],[EXCHANGED TO]]/1 -> 0 | S52: =+Table1[[#This Row],[SALES TO]]/1 -> 0 | T52: =+Table1[[#This Row],[ISSUES TO]]/1 -> 0 | U52: =IFERROR(+H52/(P52+Q52+R52+S52+T52),0) -> 0
A53: 30UM X 665 MM | B53: 0 | C53: 0 | D53: 0 | E53: 0 | F53: 0 | G53: 0 | H53: =+(Table1[[#This Row],[OPENING ]]+Table1[[#This Row],[RECEIPTS]]+Table1[[#This Row],[RETURNS]])-(Table1[[#This Row],[ISSUES]]+Table1[[#This Row],[EXCHANGED]]+Table1[[#This Row],[SALES]]) -> 0 | J53: =+Table1[[#This Row],[PHYSICAL]]-Table1[[#This Row],[THEORETICAL]] -> 0 | K53: =+Table1[[#This Row],[RECEIPTS]] -> 0 | L53: =+Table1[[#This Row],[RETURNS]] -> 0 | M53: =+Table1[[#This Row],[EXCHANGED]] -> 0 | N53: =+Table1[[#This Row],[SALES]] -> 0 | O53: =+Table1[[#This Row],[ISSUES]] -> 0 | P53: =Table1[[#This Row],[RECEIPTS TO]]/1 -> 0 | Q53: =+Table1[[#This Row],[RETURNS ]]/1 -> 0 | R53: =+Table1[[#This Row],[EXCHANGED TO]]/1 -> 0 | S53: =+Table1[[#This Row],[SALES TO]]/1 -> 0 | T53: =+Table1[[#This Row],[ISSUES TO]]/1 -> 0 | U53: =IFERROR(+H53/(P53+Q53+R53+S53+T53),0) -> 0
A54: 30UM X 675 MM | B54: 0 | C54: 0 | D54: 0 | E54: 0 | F54: 0 | G54: 0 | H54: =+(Table1[[#This Row],[OPENING ]]+Table1[[#This Row],[RECEIPTS]]+Table1[[#This Row],[RETURNS]])-(Table1[[#This Row],[ISSUES]]+Table1[[#This Row],[EXCHANGED]]+Table1[[#This Row],[SALES]]) -> 0 | J54: =+Table1[[#This Row],[PHYSICAL]]-Table1[[#This Row],[THEORETICAL]] -> 0 | K54: =+Table1[[#This Row],[RECEIPTS]] -> 0 | L54: =+Table1[[#This Row],[RETURNS]] -> 0 | M54: =+Table1[[#This Row],[EXCHANGED]] -> 0 | N54: =+Table1[[#This Row],[SALES]] -> 0 | O54: =+Table1[[#This Row],[ISSUES]] -> 0 | P54: =Table1[[#This Row],[RECEIPTS TO]]/1 -> 0 | Q54: =+Table1[[#This Row],[RETURNS ]]/1 -> 0 | R54: =+Table1[[#This Row],[EXCHANGED TO]]/1 -> 0 | S54: =+Table1[[#This Row],[SALES TO]]/1 -> 0 | T54: =+Table1[[#This Row],[ISSUES TO]]/1 -> 0 | U54: =IFERROR(+H54/(P54+Q54+R54+S54+T54),0) -> 0
A55: 30UM X 670 MM SRF | B55: 676.3 | C55: 0 | D55: 0 | E55: 0 | F55: 0 | G55: 0 | H55: =+(Table1[[#This Row],[OPENING ]]+Table1[[#This Row],[RECEIPTS]]+Table1[[#This Row],[RETURNS]])-(Table1[[#This Row],[ISSUES]]+Table1[[#This Row],[EXCHANGED]]+Table1[[#This Row],[SALES]]) -> 676.3 | I55: 676.3 | J55: =+Table1[[#This Row],[PHYSICAL]]-Table1[[#This Row],[THEORETICAL]] -> 0 | K55: =+Table1[[#This Row],[RECEIPTS]] -> 0 | L55: =+Table1[[#This Row],[RETURNS]] -> 0 | M55: =+Table1[[#This Row],[EXCHANGED]] -> 0 | N55: =+Table1[[#This Row],[SALES]] -> 0 | O55: =+Table1[[#This Row],[ISSUES]] -> 0 | P55: =Table1[[#This Row],[RECEIPTS TO]]/1 -> 0 | Q55: =+Table1[[#This Row],[RETURNS ]]/1 -> 0 | R55: =+Table1[[#This Row],[EXCHANGED TO]]/1 -> 0 | S55: =+Table1[[#This Row],[SALES TO]]/1 -> 0 | T55: =+Table1[[#This Row],[ISSUES TO]]/1 -> 0 | U55: =IFERROR(+H55/(P55+Q55+R55+S55+T55),0) -> 0
A56: 30UM X 770 MM | B56: 0 | C56: 0 | D56: 0 | E56: 0 | F56: 0 | G56: 0 | H56: =+(Table1[[#This Row],[OPENING ]]+Table1[[#This Row],[RECEIPTS]]+Table1[[#This Row],[RETURNS]])-(Table1[[#This Row],[ISSUES]]+Table1[[#This Row],[EXCHANGED]]+Table1[[#This Row],[SALES]]) -> 0 | J56: =+Table1[[#This Row],[PHYSICAL]]-Table1[[#This Row],[THEORETICAL]] -> 0 | K56: =+Table1[[#This Row],[RECEIPTS]] -> 0 | L56: =+Table1[[#This Row],[RETURNS]] -> 0 | M56: =+Table1[[#This Row],[EXCHANGED]] -> 0 | N56: =+Table1[[#This Row],[SALES]] -> 0 | O56: =+Table1[[#This Row],[ISSUES]] -> 0 | P56: =Table1[[#This Row],[RECEIPTS TO]]/1 -> 0 | Q56: =+Table1[[#This Row],[RETURNS ]]/1 -> 0 | R56: =+Table1[[#This Row],[EXCHANGED TO]]/1 -> 0 | S56: =+Table1[[#This Row],[SALES TO]]/1 -> 0 | T56: =+Table1[[#This Row],[ISSUES TO]]/1 -> 0 | U56: =IFERROR(+H56/(P56+Q56+R56+S56+T56),0) -> 0
A57: 30UM X 680 MM | B57: 0 | C57: 0 | D57: 0 | E57: 0 | F57: 0 | G57: 0 | H57: =+(Table1[[#This Row],[OPENING ]]+Table1[[#This Row],[RECEIPTS]]+Table1[[#This Row],[RETURNS]])-(Table1[[#This Row],[ISSUES]]+Table1[[#This Row],[EXCHANGED]]+Table1[[#This Row],[SALES]]) -> 0 | J57: =+Table1[[#This Row],[PHYSICAL]]-Table1[[#This Row],[THEORETICAL]] -> 0 | K57: =+Table1[[#This Row],[RECEIPTS]] -> 0 | L57: =+Table1[[#This Row],[RETURNS]] -> 0 | M57: =+Table1[[#This Row],[EXCHANGED]] -> 0 | N57: =+Table1[[#This Row],[SALES]] -> 0 | O57: =+Table1[[#This Row],[ISSUES]] -> 0 | P57: =Table1[[#This Row],[RECEIPTS TO]]/1 -> 0 | Q57: =+Table1[[#This Row],[RETURNS ]]/1 -> 0 | R57: =+Table1[[#This Row],[EXCHANGED TO]]/1 -> 0 | S57: =+Table1[[#This Row],[SALES TO]]/1 -> 0 | T57: =+Table1[[#This Row],[ISSUES TO]]/1 -> 0 | U57: =IFERROR(+H57/(P57+Q57+R57+S57+T57),0) -> 0
A58: 30UM X 1120 MM X L 9000 M | B58: 0 | C58: 0 | D58: 0 | E58: 0 | F58: 0 | G58: 0 | H58: =+(Table1[[#This Row],[OPENING ]]+Table1[[#This Row],[RECEIPTS]]+Table1[[#This Row],[RETURNS]])-(Table1[[#This Row],[ISSUES]]+Table1[[#This Row],[EXCHANGED]]+Table1[[#This Row],[SALES]]) -> 0 | J58: =+Table1[[#This Row],[PHYSICAL]]-Table1[[#This Row],[THEORETICAL]] -> 0 | K58: =+Table1[[#This Row],[RECEIPTS]] -> 0 | L58: =+Table1[[#This Row],[RETURNS]] -> 0 | M58: =+Table1[[#This Row],[EXCHANGED]] -> 0 | N58: =+Table1[[#This Row],[SALES]] -> 0 | O58: =+Table1[[#This Row],[ISSUES]] -> 0 | P58: =Table1[[#This Row],[RECEIPTS TO]]/1 -> 0 | Q58: =+Table1[[#This Row],[RETURNS ]]/1 -> 0 | R58: =+Table1[[#This Row],[EXCHANGED TO]]/1 -> 0 | S58: =+Table1[[#This Row],[SALES TO]]/1 -> 0 | T58: =+Table1[[#This Row],[ISSUES TO]]/1 -> 0 | U58: =IFERROR(+H58/(P58+Q58+R58+S58+T58),0) -> 0
A59: 30UM X 1235 MM X L 9000 M | B59: 0 | C59: 0 | D59: 0 | E59: 0 | F59: 0 | G59: 0 | H59: =+(Table1[[#This Row],[OPENING ]]+Table1[[#This Row],[RECEIPTS]]+Table1[[#This Row],[RETURNS]])-(Table1[[#This Row],[ISSUES]]+Table1[[#This Row],[EXCHANGED]]+Table1[[#This Row],[SALES]]) -> 0 | J59: =+Table1[[#This Row],[PHYSICAL]]-Table1[[#This Row],[THEORETICAL]] -> 0 | K59: =+Table1[[#This Row],[RECEIPTS]] -> 0 | L59: =+Table1[[#This Row],[RETURNS]] -> 0 | M59: =+Table1[[#This Row],[EXCHANGED]] -> 0 | N59: =+Table1[[#This Row],[SALES]] -> 0 | O59: =+Table1[[#This Row],[ISSUES]] -> 0 | P59: =Table1[[#This Row],[RECEIPTS TO]]/1 -> 0 | Q59: =+Table1[[#This Row],[RETURNS ]]/1 -> 0 | R59: =+Table1[[#This Row],[EXCHANGED TO]]/1 -> 0 | S59: =+Table1[[#This Row],[SALES TO]]/1 -> 0 | T59: =+Table1[[#This Row],[ISSUES TO]]/1 -> 0 | U59: =IFERROR(+H59/(P59+Q59+R59+S59+T59),0) -> 0
A60: 30UM X 1310 MM X L 9000 M | B60: 0 | C60: 0 | D60: 0 | E60: 0 | F60: 0 | G60: 0 | H60: =+(Table1[[#This Row],[OPENING ]]+Table1[[#This Row],[RECEIPTS]]+Table1[[#This Row],[RETURNS]])-(Table1[[#This Row],[ISSUES]]+Table1[[#This Row],[EXCHANGED]]+Table1[[#This Row],[SALES]]) -> 0 | J60: =+Table1[[#This Row],[PHYSICAL]]-Table1[[#This Row],[THEORETICAL]] -> 0 | K60: =+Table1[[#This Row],[RECEIPTS]] -> 0 | L60: =+Table1[[#This Row],[RETURNS]] -> 0 | M60: =+Table1[[#This Row],[EXCHANGED]] -> 0 | N60: =+Table1[[#This Row],[SALES]] -> 0 | O60: =+Table1[[#This Row],[ISSUES]] -> 0 | P60: =Table1[[#This Row],[RECEIPTS TO]]/1 -> 0 | Q60: =+Table1[[#This Row],[RETURNS ]]/1 -> 0 | R60: =+Table1[[#This Row],[EXCHANGED TO]]/1 -> 0 | S60: =+Table1[[#This Row],[SALES TO]]/1 -> 0 | T60: =+Table1[[#This Row],[ISSUES TO]]/1 -> 0 | U60: =IFERROR(+H60/(P60+Q60+R60+S60+T60),0) -> 0
A61: 30UM X 1340 MM X L 9000 M | B61: 0 | C61: 0 | D61: 0 | E61: 0 | F61: 0 | G61: 0 | H61: =+(Table1[[#This Row],[OPENING ]]+Table1[[#This Row],[RECEIPTS]]+Table1[[#This Row],[RETURNS]])-(Table1[[#This Row],[ISSUES]]+Table1[[#This Row],[EXCHANGED]]+Table1[[#This Row],[SALES]]) -> 0 | J61: =+Table1[[#This Row],[PHYSICAL]]-Table1[[#This Row],[THEORETICAL]] -> 0 | K61: =+Table1[[#This Row],[RECEIPTS]] -> 0 | L61: =+Table1[[#This Row],[RETURNS]] -> 0 | M61: =+Table1[[#This Row],[EXCHANGED]] -> 0 | N61: =+Table1[[#This Row],[SALES]] -> 0 | O61: =+Table1[[#This Row],[ISSUES]] -> 0 | P61: =Table1[[#This Row],[RECEIPTS TO]]/1 -> 0 | Q61: =+Table1[[#This Row],[RETURNS ]]/1 -> 0 | R61: =+Table1[[#This Row],[EXCHANGED TO]]/1 -> 0 | S61: =+Table1[[#This Row],[SALES TO]]/1 -> 0 | T61: =+Table1[[#This Row],[ISSUES TO]]/1 -> 0 | U61: =IFERROR(+H61/(P61+Q61+R61+S61+T61),0) -> 0
A62: 30UM X 1370 MM X L 9000 M | B62: 0 | C62: 0 | D62: 0 | E62: 0 | F62: 0 | G62: 0 | H62: =+(Table1[[#This Row],[OPENING ]]+Table1[[#This Row],[RECEIPTS]]+Table1[[#This Row],[RETURNS]])-(Table1[[#This Row],[ISSUES]]+Table1[[#This Row],[EXCHANGED]]+Table1[[#This Row],[SALES]]) -> 0 | J62: =+Table1[[#This Row],[PHYSICAL]]-Table1[[#This Row],[THEORETICAL]] -> 0 | K62: =+Table1[[#This Row],[RECEIPTS]] -> 0 | L62: =+Table1[[#This Row],[RETURNS]] -> 0 | M62: =+Table1[[#This Row],[EXCHANGED]] -> 0 | N62: =+Table1[[#This Row],[SALES]] -> 0 | O62: =+Table1[[#This Row],[ISSUES]] -> 0 | P62: =Table1[[#This Row],[RECEIPTS TO]]/1 -> 0 | Q62: =+Table1[[#This Row],[RETURNS ]]/1 -> 0 | R62: =+Table1[[#This Row],[EXCHANGED TO]]/1 -> 0 | S62: =+Table1[[#This Row],[SALES TO]]/1 -> 0 | T62: =+Table1[[#This Row],[ISSUES TO]]/1 -> 0 | U62: =IFERROR(+H62/(P62+Q62+R62+S62+T62),0) -> 0
A63: 30UM X 860 MM | B63: 0 | C63: 0 | D63: 0 | E63: 0 | F63: 0 | G63: 0 | H63: =+(Table1[[#This Row],[OPENING ]]+Table1[[#This Row],[RECEIPTS]]+Table1[[#This Row],[RETURNS]])-(Table1[[#This Row],[ISSUES]]+Table1[[#This Row],[EXCHANGED]]+Table1[[#This Row],[SALES]]) -> 0 | J63: =+Table1[[#This Row],[PHYSICAL]]-Table1[[#This Row],[THEORETICAL]] -> 0 | K63: =+Table1[[#This Row],[RECEIPTS]] -> 0 | L63: =+Table1[[#This Row],[RETURNS]] -> 0 | M63: =+Table1[[#This Row],[EXCHANGED]] -> 0 | N63: =+Table1[[#This Row],[SALES]] -> 0 | O63: =+Table1[[#This Row],[ISSUES]] -> 0 | P63: =Table1[[#This Row],[RECEIPTS TO]]/1 -> 0 | Q63: =+Table1[[#This Row],[RETURNS ]]/1 -> 0 | R63: =+Table1[[#This Row],[EXCHANGED TO]]/1 -> 0 | S63: =+Table1[[#This Row],[SALES TO]]/1 -> 0 | T63: =+Table1[[#This Row],[ISSUES TO]]/1 -> 0 | U63: =IFERROR(+H63/(P63+Q63+R63+S63+T63),0) -> 0
A64: 30UM X 500 MM | B64: 0 | C64: 0 | D64: 0 | E64: 0 | F64: 0 | G64: 0 | H64: =+(Table1[[#This Row],[OPENING ]]+Table1[[#This Row],[RECEIPTS]]+Table1[[#This Row],[RETURNS]])-(Table1[[#This Row],[ISSUES]]+Table1[[#This Row],[EXCHANGED]]+Table1[[#This Row],[SALES]]) -> 0 | I64: 0 | J64: =+Table1[[#This Row],[PHYSICAL]]-Table1[[#This Row],[THEORETICAL]] -> 0 | K64: =+Table1[[#This Row],[RECEIPTS]] -> 0 | L64: =+Table1[[#This Row],[RETURNS]] -> 0 | M64: =+Table1[[#This Row],[EXCHANGED]] -> 0 | N64: =+Table1[[#This Row],[SALES]] -> 0 | O64: =+Table1[[#This Row],[ISSUES]] -> 0 | P64: =Table1[[#This Row],[RECEIPTS TO]]/1 -> 0 | Q64: =+Table1[[#This Row],[RETURNS ]]/1 -> 0 | R64: =+Table1[[#This Row],[EXCHANGED TO]]/1 -> 0 | S64: =+Table1[[#This Row],[SALES TO]]/1 -> 0 | T64: =+Table1[[#This Row],[ISSUES TO]]/1 -> 0 | U64: =IFERROR(+H64/(P64+Q64+R64+S64+T64),0) -> 0
A65: 30UM X 485 MM | B65: 0 | C65: 0 | D65: 0 | E65: 0 | F65: 0 | G65: 0 | H65: =+(Table1[[#This Row],[OPENING ]]+Table1[[#This Row],[RECEIPTS]]+Table1[[#This Row],[RETURNS]])-(Table1[[#This Row],[ISSUES]]+Table1[[#This Row],[EXCHANGED]]+Table1[[#This Row],[SALES]]) -> 0 | I65: 0 | J65: =+Table1[[#This Row],[PHYSICAL]]-Table1[[#This Row],[THEORETICAL]] -> 0 | K65: =+Table1[[#This Row],[RECEIPTS]] -> 0 | L65: =+Table1[[#This Row],[RETURNS]] -> 0 | M65: =+Table1[[#This Row],[EXCHANGED]] -> 0 | N65: =+Table1[[#This Row],[SALES]] -> 0 | O65: =+Table1[[#This Row],[ISSUES]] -> 0 | P65: =Table1[[#This Row],[RECEIPTS TO]]/1 -> 0 | Q65: =+Table1[[#This Row],[RETURNS ]]/1 -> 0 | R65: =+Table1[[#This Row],[EXCHANGED TO]]/1 -> 0 | S65: =+Table1[[#This Row],[SALES TO]]/1 -> 0 | T65: =+Table1[[#This Row],[ISSUES TO]]/1 -> 0 | U65: =IFERROR(+H65/(P65+Q65+R65+S65+T65),0) -> 0
A66: 30UM X 570 MM | B66: 2006.84 | C66: 0 | D66: 0 | E66: 0 | F66: 0 | G66: 0 | H66: =+(Table1[[#This Row],[OPENING ]]+Table1[[#This Row],[RECEIPTS]]+Table1[[#This Row],[RETURNS]])-(Table1[[#This Row],[ISSUES]]+Table1[[#This Row],[EXCHANGED]]+Table1[[#This Row],[SALES]]) -> 2006.84 | I66: 2006.84 | J66: =+Table1[[#This Row],[PHYSICAL]]-Table1[[#This Row],[THEORETICAL]] -> 0 | K66: =+Table1[[#This Row],[RECEIPTS]] -> 0 | L66: =+Table1[[#This Row],[RETURNS]] -> 0 | M66: =+Table1[[#This Row],[EXCHANGED]] -> 0 | N66: =+Table1[[#This Row],[SALES]] -> 0 | O66: =+Table1[[#This Row],[ISSUES]] -> 0 | P66: =Table1[[#This Row],[RECEIPTS TO]]/1 -> 0 | Q66: =+Table1[[#This Row],[RETURNS ]]/1 -> 0 | R66: =+Table1[[#This Row],[EXCHANGED TO]]/1 -> 0 | S66: =+Table1[[#This Row],[SALES TO]]/1 -> 0 | T66: =+Table1[[#This Row],[ISSUES TO]]/1 -> 0 | U66: =IFERROR(+H66/(P66+Q66+R66+S66+T66),0) -> 0
A67: 30UM X 800 MM | B67: 0 | C67: 0 | D67: 0 | E67: 0 | F67: 0 | G67: 0 | H67: =+(Table1[[#This Row],[OPENING ]]+Table1[[#This Row],[RECEIPTS]]+Table1[[#This Row],[RETURNS]])-(Table1[[#This Row],[ISSUES]]+Table1[[#This Row],[EXCHANGED]]+Table1[[#This Row],[SALES]]) -> 0 | J67: =+Table1[[#This Row],[PHYSICAL]]-Table1[[#This Row],[THEORETICAL]] -> 0 | K67: =+Table1[[#This Row],[RECEIPTS]] -> 0 | L67: =+Table1[[#This Row],[RETURNS]] -> 0 | M67: =+Table1[[#This Row],[EXCHANGED]] -> 0 | N67: =+Table1[[#This Row],[SALES]] -> 0 | O67: =+Table1[[#This Row],[ISSUES]] -> 0 | P67: =Table1[[#This Row],[RECEIPTS TO]]/1 -> 0 | Q67: =+Table1[[#This Row],[RETURNS ]]/1 -> 0 | R67: =+Table1[[#This Row],[EXCHANGED TO]]/1 -> 0 | S67: =+Table1[[#This Row],[SALES TO]]/1 -> 0 | T67: =+Table1[[#This Row],[ISSUES TO]]/1 -> 0 | U67: =IFERROR(+H67/(P67+Q67+R67+S67+T67),0) -> 0
A68: 3OUM X 210 MM | B68: 150.3 | C68: 0 | D68: 0 | E68: 0 | F68: 0 | G68: 0 | H68: =+(Table1[[#This Row],[OPENING ]]+Table1[[#This Row],[RECEIPTS]]+Table1[[#This Row],[RETURNS]])-(Table1[[#This Row],[ISSUES]]+Table1[[#This Row],[EXCHANGED]]+Table1[[#This Row],[SALES]]) -> 150.3 | I68: 150.3 | J68: =+Table1[[#This Row],[PHYSICAL]]-Table1[[#This Row],[THEORETICAL]] -> 0 | K68: =+Table1[[#This Row],[RECEIPTS]] -> 0 | L68: =+Table1[[#This Row],[RETURNS]] -> 0 | M68: =+Table1[[#This Row],[EXCHANGED]] -> 0 | N68: =+Table1[[#This Row],[SALES]] -> 0 | O68: =+Table1[[#This Row],[ISSUES]] -> 0 | P68: =Table1[[#This Row],[RECEIPTS TO]]/1 -> 0 | Q68: =+Table1[[#This Row],[RETURNS ]]/1 -> 0 | R68: =+Table1[[#This Row],[EXCHANGED TO]]/1 -> 0 | S68: =+Table1[[#This Row],[SALES TO]]/1 -> 0 | T68: =+Table1[[#This Row],[ISSUES TO]]/1 -> 0 | U68: =IFERROR(+H68/(P68+Q68+R68+S68+T68),0) -> 0
A69: 30UM X 880 MM COOL CYCLONE | B69: 0 | C69: 0 | D69: 0 | E69: 0 | F69: 0 | G69: 0 | H69: =+(Table1[[#This Row],[OPENING ]]+Table1[[#This Row],[RECEIPTS]]+Table1[[#This Row],[RETURNS]])-(Table1[[#This Row],[ISSUES]]+Table1[[#This Row],[EXCHANGED]]+Table1[[#This Row],[SALES]]) -> 0 | I69: 0 | J69: =+Table1[[#This Row],[PHYSICAL]]-Table1[[#This Row],[THEORETICAL]] -> 0 | K69: =+Table1[[#This Row],[RECEIPTS]] -> 0 | L69: =+Table1[[#This Row],[RETURNS]] -> 0 | M69: =+Table1[[#This Row],[EXCHANGED]] -> 0 | N69: =+Table1[[#This Row],[SALES]] -> 0 | O69: =+Table1[[#This Row],[ISSUES]] -> 0 | P69: =Table1[[#This Row],[RECEIPTS TO]]/1 -> 0 | Q69: =+Table1[[#This Row],[RETURNS ]]/1 -> 0 | R69: =+Table1[[#This Row],[EXCHANGED TO]]/1 -> 0 | S69: =+Table1[[#This Row],[SALES TO]]/1 -> 0 | T69: =+Table1[[#This Row],[ISSUES TO]]/1 -> 0 | U69: =IFERROR(+H69/(P69+Q69+R69+S69+T69),0) -> 0
A70: 30UM X 520 MM COOL CYCLONE | B70: 0 | C70: 0 | D70: 0 | E70: 0 | F70: 0 | G70: 0 | H70: =+(Table1[[#This Row],[OPENING ]]+Table1[[#This Row],[RECEIPTS]]+Table1[[#This Row],[RETURNS]])-(Table1[[#This Row],[ISSUES]]+Table1[[#This Row],[EXCHANGED]]+Table1[[#This Row],[SALES]]) -> 0 | I70: 0 | J70: =+Table1[[#This Row],[PHYSICAL]]-Table1[[#This Row],[THEORETICAL]] -> 0 | K70: =+Table1[[#This Row],[RECEIPTS]] -> 0 | L70: =+Table1[[#This Row],[RETURNS]] -> 0 | M70: =+Table1[[#This Row],[EXCHANGED]] -> 0 | N70: =+Table1[[#This Row],[SALES]] -> 0 | O70: =+Table1[[#This Row],[ISSUES]] -> 0 | P70: =Table1[[#This Row],[RECEIPTS TO]]/1 -> 0 | Q70: =+Table1[[#This Row],[RETURNS ]]/1 -> 0 | R70: =+Table1[[#This Row],[EXCHANGED TO]]/1 -> 0 | S70: =+Table1[[#This Row],[SALES TO]]/1 -> 0 | T70: =+Table1[[#This Row],[ISSUES TO]]/1 -> 0 | U70: =IFERROR(+H70/(P70+Q70+R70+S70+T70),0) -> 0
A71: 30UM X 660 MM COOL CYCLONE | B71: 187.6 | C71: 0 | D71: 0 | E71: 0 | F71: 0 | G71: 0 | H71: =+(Table1[[#This Row],[OPENING ]]+Table1[[#This Row],[RECEIPTS]]+Table1[[#This Row],[RETURNS]])-(Table1[[#This Row],[ISSUES]]+Table1[[#This Row],[EXCHANGED]]+Table1[[#This Row],[SALES]]) -> 187.6 | I71: 187.6 | J71: =+Table1[[#This Row],[PHYSICAL]]-Table1[[#This Row],[THEORETICAL]] -> 0 | K71: =+Table1[[#This Row],[RECEIPTS]] -> 0 | L71: =+Table1[[#This Row],[RETURNS]] -> 0 | M71: =+Table1[[#This Row],[EXCHANGED]] -> 0 | N71: =+Table1[[#This Row],[SALES]] -> 0 | O71: =+Table1[[#This Row],[ISSUES]] -> 0 | P71: =Table1[[#This Row],[RECEIPTS TO]]/1 -> 0 | Q71: =+Table1[[#This Row],[RETURNS ]]/1 -> 0 | R71: =+Table1[[#This Row],[EXCHANGED TO]]/1 -> 0 | S71: =+Table1[[#This Row],[SALES TO]]/1 -> 0 | T71: =+Table1[[#This Row],[ISSUES TO]]/1 -> 0 | U71: =IFERROR(+H71/(P71+Q71+R71+S71+T71),0) -> 0
A72: 30UM X 900 MM SRF | B72: 1730 | C72: 0 | D72: 0 | E72: 0 | F72: 0 | G72: 0 | H72: =+(Table1[[#This Row],[OPENING ]]+Table1[[#This Row],[RECEIPTS]]+Table1[[#This Row],[RETURNS]])-(Table1[[#This Row],[ISSUES]]+Table1[[#This Row],[EXCHANGED]]+Table1[[#This Row],[SALES]]) -> 1730 | I72: 1730 | J72: =+Table1[[#This Row],[PHYSICAL]]-Table1[[#This Row],[THEORETICAL]] -> 0 | K72: =+Table1[[#This Row],[RECEIPTS]] -> 0 | L72: =+Table1[[#This Row],[RETURNS]] -> 0 | M72: =+Table1[[#This Row],[EXCHANGED]] -> 0 | N72: =+Table1[[#This Row],[SALES]] -> 0 | O72: =+Table1[[#This Row],[ISSUES]] -> 0 | P72: =Table1[[#This Row],[RECEIPTS TO]]/1 -> 0 | Q72: =+Table1[[#This Row],[RETURNS ]]/1 -> 0 | R72: =+Table1[[#This Row],[EXCHANGED TO]]/1 -> 0 | S72: =+Table1[[#This Row],[SALES TO]]/1 -> 0 | T72: =+Table1[[#This Row],[ISSUES TO]]/1 -> 0 | U72: =IFERROR(+H72/(P72+Q72+R72+S72+T72),0) -> 0
A73: TOTAL CLEAR BOPP | B73: =SUM(B41:B72) -> 6527.54 | C73: =SUM(C41:C72) -> 0 | D73: =SUM(D41:D72) -> 0 | E73: =SUM(E41:E72) -> 0 | F73: =SUM(F41:F72) -> 0 | G73: =SUM(G41:G72) -> 0 | H73: =SUM(H41:H72) -> 6527.54 | I73: =SUM(I41:I72) -> 6527.54 | J73: =+Table1[[#This Row],[PHYSICAL]]-Table1[[#This Row],[THEORETICAL]] -> 0 | K73: =SUM(K41:K72) -> 0 | L73: =SUM(L41:L72) -> 0 | M73: =SUM(M41:M72) -> 0 | N73: =SUM(N41:N72) -> 0 | O73: =SUM(O41:O72) -> 0 | P73: =SUM(P41:P72) -> 0 | Q73: =SUM(Q41:Q72) -> 0 | R73: =SUM(R41:R72) -> 0 | ... T73: =SUM(T41:T72) -> 0 | U73: =IFERROR(+H73/(P73+Q73+R73+S73+T73),0) -> 0
A75: HEAT SEALABLE METALISED BOPP FILM TREATED
A76: 20UM X 710 MM X 14800 M | B76: 1267.34 | C76: 0 | D76: 0 | E76: 0 | F76: 0 | G76: 0 | H76: =+(Table1[[#This Row],[OPENING ]]+Table1[[#This Row],[RECEIPTS]]+Table1[[#This Row],[RETURNS]])-(Table1[[#This Row],[ISSUES]]+Table1[[#This Row],[EXCHANGED]]+Table1[[#This Row],[SALES]]) -> 1267.34 | I76: 1267.34 | J76: =+Table1[[#This Row],[PHYSICAL]]-Table1[[#This Row],[THEORETICAL]] -> 0 | K76: =+Table1[[#This Row],[RECEIPTS]] -> 0 | L76: =+Table1[[#This Row],[RETURNS]] -> 0 | M76: =+Table1[[#This Row],[EXCHANGED]] -> 0 | N76: =+Table1[[#This Row],[SALES]] -> 0 | O76: =+Table1[[#This Row],[ISSUES]] -> 0 | P76: =Table1[[#This Row],[RECEIPTS TO]]/1 -> 0 | Q76: =+Table1[[#This Row],[RETURNS ]]/1 -> 0 | R76: =+Table1[[#This Row],[EXCHANGED TO]]/1 -> 0 | S76: =+Table1[[#This Row],[SALES TO]]/1 -> 0 | T76: =+Table1[[#This Row],[ISSUES TO]]/1 -> 0 | U76: =IFERROR(+H76/(P76+Q76+R76+S76+T76),0) -> 0
A77: 700*20 METALISED BOPP | B77: 96.1 | C77: 0 | D77: 0 | E77: 0 | F77: 0 | G77: 0 | H77: =+(Table1[[#This Row],[OPENING ]]+Table1[[#This Row],[RECEIPTS]]+Table1[[#This Row],[RETURNS]])-(Table1[[#This Row],[ISSUES]]+Table1[[#This Row],[EXCHANGED]]+Table1[[#This Row],[SALES]]) -> 96.1 | I77: 96.1 | J77: =+Table1[[#This Row],[PHYSICAL]]-Table1[[#This Row],[THEORETICAL]] -> 0 | K77: =+Table1[[#This Row],[RECEIPTS]] -> 0 | L77: =+Table1[[#This Row],[RETURNS]] -> 0 | M77: =+Table1[[#This Row],[EXCHANGED]] -> 0 | N77: =+Table1[[#This Row],[SALES]] -> 0 | O77: =+Table1[[#This Row],[ISSUES]] -> 0 | P77: =Table1[[#This Row],[RECEIPTS TO]]/1 -> 0 | Q77: =+Table1[[#This Row],[RETURNS ]]/1 -> 0 | R77: =+Table1[[#This Row],[EXCHANGED TO]]/1 -> 0 | S77: =+Table1[[#This Row],[SALES TO]]/1 -> 0 | T77: =+Table1[[#This Row],[ISSUES TO]]/1 -> 0 | U77: =IFERROR(+H77/(P77+Q77+R77+S77+T77),0) -> 0
A78: 800*20 METALISED BOPP | B78: 0 | C78: 0 | D78: 0 | E78: 0 | F78: 0 | G78: 0 | H78: =+(Table1[[#This Row],[OPENING ]]+Table1[[#This Row],[RECEIPTS]]+Table1[[#This Row],[RETURNS]])-(Table1[[#This Row],[ISSUES]]+Table1[[#This Row],[EXCHANGED]]+Table1[[#This Row],[SALES]]) -> 0 | J78: =+Table1[[#This Row],[PHYSICAL]]-Table1[[#This Row],[THEORETICAL]] -> 0 | K78: =+Table1[[#This Row],[RECEIPTS]] -> 0 | L78: =+Table1[[#This Row],[RETURNS]] -> 0 | M78: =+Table1[[#This Row],[EXCHANGED]] -> 0 | N78: =+Table1[[#This Row],[SALES]] -> 0 | O78: =+Table1[[#This Row],[ISSUES]] -> 0 | P78: =Table1[[#This Row],[RECEIPTS TO]]/1 -> 0 | Q78: =+Table1[[#This Row],[RETURNS ]]/1 -> 0 | R78: =+Table1[[#This Row],[EXCHANGED TO]]/1 -> 0 | S78: =+Table1[[#This Row],[SALES TO]]/1 -> 0 | T78: =+Table1[[#This Row],[ISSUES TO]]/1 -> 0 | U78: =IFERROR(+H78/(P78+Q78+R78+S78+T78),0) -> 0
A79: HEAT SEALABLE MATTE BOPP FILM TREATED OUTSIDE /HAZE- 75 | B79: 0 | C79: 0 | D79: 0 | E79: 0 | F79: 0 | G79: 0 | H79: =+(Table1[[#This Row],[OPENING ]]+Table1[[#This Row],[RECEIPTS]]+Table1[[#This Row],[RETURNS]])-(Table1[[#This Row],[ISSUES]]+Table1[[#This Row],[EXCHANGED]]+Table1[[#This Row],[SALES]]) -> 0 | J79: =+Table1[[#This Row],[PHYSICAL]]-Table1[[#This Row],[THEORETICAL]] -> 0 | K79: =+Table1[[#This Row],[RECEIPTS]] -> 0 | L79: =+Table1[[#This Row],[RETURNS]] -> 0 | M79: =+Table1[[#This Row],[EXCHANGED]] -> 0 | N79: =+Table1[[#This Row],[SALES]] -> 0 | O79: =+Table1[[#This Row],[ISSUES]] -> 0 | P79: =Table1[[#This Row],[RECEIPTS TO]]/1 -> 0 | Q79: =+Table1[[#This Row],[RETURNS ]]/1 -> 0 | R79: =+Table1[[#This Row],[EXCHANGED TO]]/1 -> 0 | S79: =+Table1[[#This Row],[SALES TO]]/1 -> 0 | T79: =+Table1[[#This Row],[ISSUES TO]]/1 -> 0 | U79: =IFERROR(+H79/(P79+Q79+R79+S79+T79),0) -> 0
A80: 20UM X 710 MM X 14800 M | B80: 1289.14 | C80: 0 | D80: 0 | E80: 0 | F80: 0 | G80: 0 | H80: =+(Table1[[#This Row],[OPENING ]]+Table1[[#This Row],[RECEIPTS]]+Table1[[#This Row],[RETURNS]])-(Table1[[#This Row],[ISSUES]]+Table1[[#This Row],[EXCHANGED]]+Table1[[#This Row],[SALES]]) -> 1289.14 | I80: 1289.14 | J80: =+Table1[[#This Row],[PHYSICAL]]-Table1[[#This Row],[THEORETICAL]] -> 0 | K80: =+Table1[[#This Row],[RECEIPTS]] -> 0 | L80: =+Table1[[#This Row],[RETURNS]] -> 0 | M80: =+Table1[[#This Row],[EXCHANGED]] -> 0 | N80: =+Table1[[#This Row],[SALES]] -> 0 | O80: =+Table1[[#This Row],[ISSUES]] -> 0 | P80: =Table1[[#This Row],[RECEIPTS TO]]/1 -> 0 | Q80: =+Table1[[#This Row],[RETURNS ]]/1 -> 0 | R80: =+Table1[[#This Row],[EXCHANGED TO]]/1 -> 0 | S80: =+Table1[[#This Row],[SALES TO]]/1 -> 0 | T80: =+Table1[[#This Row],[ISSUES TO]]/1 -> 0 | U80: =IFERROR(+H80/(P80+Q80+R80+S80+T80),0) -> 0
A81: 700*20 MATTE BOPP | B81: 64.75 | C81: 0 | D81: 0 | E81: 0 | F81: 0 | G81: 0 | H81: =+(Table1[[#This Row],[OPENING ]]+Table1[[#This Row],[RECEIPTS]]+Table1[[#This Row],[RETURNS]])-(Table1[[#This Row],[ISSUES]]+Table1[[#This Row],[EXCHANGED]]+Table1[[#This Row],[SALES]]) -> 64.75 | I81: 64.75 | J81: =+Table1[[#This Row],[PHYSICAL]]-Table1[[#This Row],[THEORETICAL]] -> 0 | K81: =+Table1[[#This Row],[RECEIPTS]] -> 0 | L81: =+Table1[[#This Row],[RETURNS]] -> 0 | M81: =+Table1[[#This Row],[EXCHANGED]] -> 0 | N81: =+Table1[[#This Row],[SALES]] -> 0 | O81: =+Table1[[#This Row],[ISSUES]] -> 0 | P81: =Table1[[#This Row],[RECEIPTS TO]]/1 -> 0 | Q81: =+Table1[[#This Row],[RETURNS ]]/1 -> 0 | R81: =+Table1[[#This Row],[EXCHANGED TO]]/1 -> 0 | S81: =+Table1[[#This Row],[SALES TO]]/1 -> 0 | T81: =+Table1[[#This Row],[ISSUES TO]]/1 -> 0 | U81: =IFERROR(+H81/(P81+Q81+R81+S81+T81),0) -> 0
A82: HEAT SEALABLE PEARLISED WHITE BOPP FILM- TREATED OUTSIDE | B82: 0 | C82: 0 | D82: 0 | E82: 0 | F82: 0 | G82: 0 | H82: =+(Table1[[#This Row],[OPENING ]]+Table1[[#This Row],[RECEIPTS]]+Table1[[#This Row],[RETURNS]])-(Table1[[#This Row],[ISSUES]]+Table1[[#This Row],[EXCHANGED]]+Table1[[#This Row],[SALES]]) -> 0 | J82: =+Table1[[#This Row],[PHYSICAL]]-Table1[[#This Row],[THEORETICAL]] -> 0 | K82: =+Table1[[#This Row],[RECEIPTS]] -> 0 | L82: =+Table1[[#This Row],[RETURNS]] -> 0 | M82: =+Table1[[#This Row],[EXCHANGED]] -> 0 | N82: =+Table1[[#This Row],[SALES]] -> 0 | O82: =+Table1[[#This Row],[ISSUES]] -> 0 | P82: =Table1[[#This Row],[RECEIPTS TO]]/1 -> 0 | Q82: =+Table1[[#This Row],[RETURNS ]]/1 -> 0 | R82: =+Table1[[#This Row],[EXCHANGED TO]]/1 -> 0 | S82: =+Table1[[#This Row],[SALES TO]]/1 -> 0 | T82: =+Table1[[#This Row],[ISSUES TO]]/1 -> 0 | U82: =IFERROR(+H82/(P82+Q82+R82+S82+T82),0) -> 0
A83: 30UM X 520 MM X 4500 M | B83: 497.9 | C83: 0 | D83: 0 | E83: 0 | F83: 0 | G83: 0 | H83: =+(Table1[[#This Row],[OPENING ]]+Table1[[#This Row],[RECEIPTS]]+Table1[[#This Row],[RETURNS]])-(Table1[[#This Row],[ISSUES]]+Table1[[#This Row],[EXCHANGED]]+Table1[[#This Row],[SALES]]) -> 497.9 | I83: 497.9 | J83: =+Table1[[#This Row],[PHYSICAL]]-Table1[[#This Row],[THEORETICAL]] -> 0 | K83: =+Table1[[#This Row],[RECEIPTS]] -> 0 | L83: =+Table1[[#This Row],[RETURNS]] -> 0 | M83: =+Table1[[#This Row],[EXCHANGED]] -> 0 | N83: =+Table1[[#This Row],[SALES]] -> 0 | O83: =+Table1[[#This Row],[ISSUES]] -> 0 | P83: =Table1[[#This Row],[RECEIPTS TO]]/1 -> 0 | Q83: =+Table1[[#This Row],[RETURNS ]]/1 -> 0 | R83: =+Table1[[#This Row],[EXCHANGED TO]]/1 -> 0 | S83: =+Table1[[#This Row],[SALES TO]]/1 -> 0 | T83: =+Table1[[#This Row],[ISSUES TO]]/1 -> 0 | U83: =IFERROR(+H83/(P83+Q83+R83+S83+T83),0) -> 0
A84: 30UM X 720 MM X 4500 M | B84: 424.4 | C84: 0 | D84: 0 | E84: 0 | F84: 0 | G84: 0 | H84: =+(Table1[[#This Row],[OPENING ]]+Table1[[#This Row],[RECEIPTS]]+Table1[[#This Row],[RETURNS]])-(Table1[[#This Row],[ISSUES]]+Table1[[#This Row],[EXCHANGED]]+Table1[[#This Row],[SALES]]) -> 424.4 | I84: 424.4 | J84: =+Table1[[#This Row],[PHYSICAL]]-Table1[[#This Row],[THEORETICAL]] -> 0 | K84: =+Table1[[#This Row],[RECEIPTS]] -> 0 | L84: =+Table1[[#This Row],[RETURNS]] -> 0 | M84: =+Table1[[#This Row],[EXCHANGED]] -> 0 | N84: =+Table1[[#This Row],[SALES]] -> 0 | O84: =+Table1[[#This Row],[ISSUES]] -> 0 | P84: =Table1[[#This Row],[RECEIPTS TO]]/1 -> 0 | Q84: =+Table1[[#This Row],[RETURNS ]]/1 -> 0 | R84: =+Table1[[#This Row],[EXCHANGED TO]]/1 -> 0 | S84: =+Table1[[#This Row],[SALES TO]]/1 -> 0 | T84: =+Table1[[#This Row],[ISSUES TO]]/1 -> 0 | U84: =IFERROR(+H84/(P84+Q84+R84+S84+T84),0) -> 0
B85: 0 | C85: 0 | D85: 0 | E85: 0 | F85: 0 | G85: 0 | H85: =+(Table1[[#This Row],[OPENING ]]+Table1[[#This Row],[RECEIPTS]]+Table1[[#This Row],[RETURNS]])-(Table1[[#This Row],[ISSUES]]+Table1[[#This Row],[EXCHANGED]]+Table1[[#This Row],[SALES]]) -> 0 | J85: =+Table1[[#This Row],[PHYSICAL]]-Table1[[#This Row],[THEORETICAL]] -> 0 | K85: =+Table1[[#This Row],[RECEIPTS]] -> 0 | L85: =+Table1[[#This Row],[RETURNS]] -> 0 | M85: =+Table1[[#This Row],[EXCHANGED]] -> 0 | N85: =+Table1[[#This Row],[SALES]] -> 0 | O85: =+Table1[[#This Row],[ISSUES]] -> 0 | P85: =Table1[[#This Row],[RECEIPTS TO]]/1 -> 0 | Q85: =+Table1[[#This Row],[RETURNS ]]/1 -> 0 | R85: =+Table1[[#This Row],[EXCHANGED TO]]/1 -> 0 | S85: =+Table1[[#This Row],[SALES TO]]/1 -> 0 | T85: =+Table1[[#This Row],[ISSUES TO]]/1 -> 0 | U85: =IFERROR(+H85/(P85+Q85+R85+S85+T85),0) -> 0
A86: 30UM X 900 MM WHITE BOPP | B86: 263.8 | C86: 0 | D86: 0 | E86: 0 | F86: 0 | G86: 0 | H86: =+(Table1[[#This Row],[OPENING ]]+Table1[[#This Row],[RECEIPTS]]+Table1[[#This Row],[RETURNS]])-(Table1[[#This Row],[ISSUES]]+Table1[[#This Row],[EXCHANGED]]+Table1[[#This Row],[SALES]]) -> 263.8 | I86: 263.8 | J86: =+Table1[[#This Row],[PHYSICAL]]-Table1[[#This Row],[THEORETICAL]] -> 0 | K86: =+Table1[[#This Row],[RECEIPTS]] -> 0 | L86: =+Table1[[#This Row],[RETURNS]] -> 0 | M86: =+Table1[[#This Row],[EXCHANGED]] -> 0 | N86: =+Table1[[#This Row],[SALES]] -> 0 | O86: =+Table1[[#This Row],[ISSUES]] -> 0 | P86: =Table1[[#This Row],[RECEIPTS TO]]/1 -> 0 | Q86: =+Table1[[#This Row],[RETURNS ]]/1 -> 0 | R86: =+Table1[[#This Row],[EXCHANGED TO]]/1 -> 0 | S86: =+Table1[[#This Row],[SALES TO]]/1 -> 0 | T86: =+Table1[[#This Row],[ISSUES TO]]/1 -> 0 | U86: =IFERROR(+H86/(P86+Q86+R86+S86+T86),0) -> 0
B87: 0 | C87: 0 | D87: 0 | E87: 0 | F87: 0 | G87: 0 | H87: =+(Table1[[#This Row],[OPENING ]]+Table1[[#This Row],[RECEIPTS]]+Table1[[#This Row],[RETURNS]])-(Table1[[#This Row],[ISSUES]]+Table1[[#This Row],[EXCHANGED]]+Table1[[#This Row],[SALES]]) -> 0 | J87: =+Table1[[#This Row],[PHYSICAL]]-Table1[[#This Row],[THEORETICAL]] -> 0 | K87: =+Table1[[#This Row],[RECEIPTS]] -> 0 | L87: =+Table1[[#This Row],[RETURNS]] -> 0 | M87: =+Table1[[#This Row],[EXCHANGED]] -> 0 | N87: =+Table1[[#This Row],[SALES]] -> 0 | O87: =+Table1[[#This Row],[ISSUES]] -> 0 | P87: =Table1[[#This Row],[RECEIPTS TO]]/1 -> 0 | Q87: =+Table1[[#This Row],[RETURNS ]]/1 -> 0 | R87: =+Table1[[#This Row],[EXCHANGED TO]]/1 -> 0 | S87: =+Table1[[#This Row],[SALES TO]]/1 -> 0 | T87: =+Table1[[#This Row],[ISSUES TO]]/1 -> 0 | U87: =IFERROR(+H87/(P87+Q87+R87+S87+T87),0) -> 0
B88: 0 | C88: 0 | D88: 0 | E88: 0 | F88: 0 | G88: 0 | H88: =+(Table1[[#This Row],[OPENING ]]+Table1[[#This Row],[RECEIPTS]]+Table1[[#This Row],[RETURNS]])-(Table1[[#This Row],[ISSUES]]+Table1[[#This Row],[EXCHANGED]]+Table1[[#This Row],[SALES]]) -> 0 | J88: =+Table1[[#This Row],[PHYSICAL]]-Table1[[#This Row],[THEORETICAL]] -> 0 | K88: =+Table1[[#This Row],[RECEIPTS]] -> 0 | L88: =+Table1[[#This Row],[RETURNS]] -> 0 | M88: =+Table1[[#This Row],[EXCHANGED]] -> 0 | N88: =+Table1[[#This Row],[SALES]] -> 0 | O88: =+Table1[[#This Row],[ISSUES]] -> 0 | P88: =Table1[[#This Row],[RECEIPTS TO]]/1 -> 0 | Q88: =+Table1[[#This Row],[RETURNS ]]/1 -> 0 | R88: =+Table1[[#This Row],[EXCHANGED TO]]/1 -> 0 | S88: =+Table1[[#This Row],[SALES TO]]/1 -> 0 | T88: =+Table1[[#This Row],[ISSUES TO]]/1 -> 0 | U88: =IFERROR(+H88/(P88+Q88+R88+S88+T88),0) -> 0
A89: COOL CYCLONE 820 MM X 20 UM | B89: 0 | C89: 0 | D89: 0 | E89: 0 | F89: 0 | G89: 0 | H89: =+(Table1[[#This Row],[OPENING ]]+Table1[[#This Row],[RECEIPTS]]+Table1[[#This Row],[RETURNS]])-(Table1[[#This Row],[ISSUES]]+Table1[[#This Row],[EXCHANGED]]+Table1[[#This Row],[SALES]]) -> 0 | J89: =+Table1[[#This Row],[PHYSICAL]]-Table1[[#This Row],[THEORETICAL]] -> 0 | K89: =+Table1[[#This Row],[RECEIPTS]] -> 0 | L89: =+Table1[[#This Row],[RETURNS]] -> 0 | M89: =+Table1[[#This Row],[EXCHANGED]] -> 0 | N89: =+Table1[[#This Row],[SALES]] -> 0 | O89: =+Table1[[#This Row],[ISSUES]] -> 0 | P89: =Table1[[#This Row],[RECEIPTS TO]]/1 -> 0 | Q89: =+Table1[[#This Row],[RETURNS ]]/1 -> 0 | R89: =+Table1[[#This Row],[EXCHANGED TO]]/1 -> 0 | S89: =+Table1[[#This Row],[SALES TO]]/1 -> 0 | T89: =+Table1[[#This Row],[ISSUES TO]]/1 -> 0 | U89: =IFERROR(+H89/(P89+Q89+R89+S89+T89),0) -> 0
B90: 0 | C90: 0 | D90: 0 | E90: 0 | F90: 0 | G90: 0 | H90: =+(Table1[[#This Row],[OPENING ]]+Table1[[#This Row],[RECEIPTS]]+Table1[[#This Row],[RETURNS]])-(Table1[[#This Row],[ISSUES]]+Table1[[#This Row],[EXCHANGED]]+Table1[[#This Row],[SALES]]) -> 0 | J90: =+Table1[[#This Row],[PHYSICAL]]-Table1[[#This Row],[THEORETICAL]] -> 0 | K90: =+Table1[[#This Row],[RECEIPTS]] -> 0 | L90: =+Table1[[#This Row],[RETURNS]] -> 0 | M90: =+Table1[[#This Row],[EXCHANGED]] -> 0 | N90: =+Table1[[#This Row],[SALES]] -> 0 | O90: =+Table1[[#This Row],[ISSUES]] -> 0 | P90: =Table1[[#This Row],[RECEIPTS TO]]/1 -> 0 | Q90: =+Table1[[#This Row],[RETURNS ]]/1 -> 0 | R90: =+Table1[[#This Row],[EXCHANGED TO]]/1 -> 0 | S90: =+Table1[[#This Row],[SALES TO]]/1 -> 0 | T90: =+Table1[[#This Row],[ISSUES TO]]/1 -> 0 | U90: =IFERROR(+H90/(P90+Q90+R90+S90+T90),0) -> 0
A91: 20UM X 800 MM METALISED BOPP | B91: 1264.64 | C91: 0 | D91: 0 | E91: 0 | F91: 0 | G91: 0 | H91: =+(Table1[[#This Row],[OPENING ]]+Table1[[#This Row],[RECEIPTS]]+Table1[[#This Row],[RETURNS]])-(Table1[[#This Row],[ISSUES]]+Table1[[#This Row],[EXCHANGED]]+Table1[[#This Row],[SALES]]) -> 1264.64 | I91: 1264.64 | J91: =+Table1[[#This Row],[PHYSICAL]]-Table1[[#This Row],[THEORETICAL]] -> 0 | K91: =+Table1[[#This Row],[RECEIPTS]] -> 0 | L91: =+Table1[[#This Row],[RETURNS]] -> 0 | M91: =+Table1[[#This Row],[EXCHANGED]] -> 0 | N91: =+Table1[[#This Row],[SALES]] -> 0 | O91: =+Table1[[#This Row],[ISSUES]] -> 0 | P91: =Table1[[#This Row],[RECEIPTS TO]]/1 -> 0 | Q91: =+Table1[[#This Row],[RETURNS ]]/1 -> 0 | R91: =+Table1[[#This Row],[EXCHANGED TO]]/1 -> 0 | S91: =+Table1[[#This Row],[SALES TO]]/1 -> 0 | T91: =+Table1[[#This Row],[ISSUES TO]]/1 -> 0 | U91: =IFERROR(+H91/(P91+Q91+R91+S91+T91),0) -> 0
A92: 20UM X 850 MM METALISED BOPP | B92: 200.8 | C92: 0 | D92: 0 | E92: 0 | F92: 0 | G92: 0 | H92: =+(Table1[[#This Row],[OPENING ]]+Table1[[#This Row],[RECEIPTS]]+Table1[[#This Row],[RETURNS]])-(Table1[[#This Row],[ISSUES]]+Table1[[#This Row],[EXCHANGED]]+Table1[[#This Row],[SALES]]) -> 200.8 | I92: 200.8 | J92: =+Table1[[#This Row],[PHYSICAL]]-Table1[[#This Row],[THEORETICAL]] -> 0 | K92: =+Table1[[#This Row],[RECEIPTS]] -> 0 | L92: =+Table1[[#This Row],[RETURNS]] -> 0 | M92: =+Table1[[#This Row],[EXCHANGED]] -> 0 | N92: =+Table1[[#This Row],[SALES]] -> 0 | O92: =+Table1[[#This Row],[ISSUES]] -> 0 | P92: =Table1[[#This Row],[RECEIPTS TO]]/1 -> 0 | Q92: =+Table1[[#This Row],[RETURNS ]]/1 -> 0 | R92: =+Table1[[#This Row],[EXCHANGED TO]]/1 -> 0 | S92: =+Table1[[#This Row],[SALES TO]]/1 -> 0 | T92: =+Table1[[#This Row],[ISSUES TO]]/1 -> 0 | U92: =IFERROR(+H92/(P92+Q92+R92+S92+T92),0) -> 0
B93: 0 | C93: 0 | D93: 0 | E93: 0 | F93: 0 | G93: 0 | H93: =+(Table1[[#This Row],[OPENING ]]+Table1[[#This Row],[RECEIPTS]]+Table1[[#This Row],[RETURNS]])-(Table1[[#This Row],[ISSUES]]+Table1[[#This Row],[EXCHANGED]]+Table1[[#This Row],[SALES]]) -> 0 | J93: =+Table1[[#This Row],[PHYSICAL]]-Table1[[#This Row],[THEORETICAL]] -> 0 | K93: =+Table1[[#This Row],[RECEIPTS]] -> 0 | L93: =+Table1[[#This Row],[RETURNS]] -> 0 | M93: =+Table1[[#This Row],[EXCHANGED]] -> 0 | N93: =+Table1[[#This Row],[SALES]] -> 0 | O93: =+Table1[[#This Row],[ISSUES]] -> 0 | P93: =Table1[[#This Row],[RECEIPTS TO]]/1 -> 0 | Q93: =+Table1[[#This Row],[RETURNS ]]/1 -> 0 | R93: =+Table1[[#This Row],[EXCHANGED TO]]/1 -> 0 | S93: =+Table1[[#This Row],[SALES TO]]/1 -> 0 | T93: =+Table1[[#This Row],[ISSUES TO]]/1 -> 0 | U93: =IFERROR(+H93/(P93+Q93+R93+S93+T93),0) -> 0
B94: 0 | C94: 0 | D94: 0 | E94: 0 | F94: 0 | G94: 0 | H94: =+(Table1[[#This Row],[OPENING ]]+Table1[[#This Row],[RECEIPTS]]+Table1[[#This Row],[RETURNS]])-(Table1[[#This Row],[ISSUES]]+Table1[[#This Row],[EXCHANGED]]+Table1[[#This Row],[SALES]]) -> 0 | J94: =+Table1[[#This Row],[PHYSICAL]]-Table1[[#This Row],[THEORETICAL]] -> 0 | K94: =+Table1[[#This Row],[RECEIPTS]] -> 0 | L94: =+Table1[[#This Row],[RETURNS]] -> 0 | M94: =+Table1[[#This Row],[EXCHANGED]] -> 0 | N94: =+Table1[[#This Row],[SALES]] -> 0 | O94: =+Table1[[#This Row],[ISSUES]] -> 0 | P94: =Table1[[#This Row],[RECEIPTS TO]]/1 -> 0 | Q94: =+Table1[[#This Row],[RETURNS ]]/1 -> 0 | R94: =+Table1[[#This Row],[EXCHANGED TO]]/1 -> 0 | S94: =+Table1[[#This Row],[SALES TO]]/1 -> 0 | T94: =+Table1[[#This Row],[ISSUES TO]]/1 -> 0 | U94: =IFERROR(+H94/(P94+Q94+R94+S94+T94),0) -> 0
B95: 0 | C95: 0 | D95: 0 | E95: 0 | F95: 0 | G95: 0 | H95: =+(Table1[[#This Row],[OPENING ]]+Table1[[#This Row],[RECEIPTS]]+Table1[[#This Row],[RETURNS]])-(Table1[[#This Row],[ISSUES]]+Table1[[#This Row],[EXCHANGED]]+Table1[[#This Row],[SALES]]) -> 0 | J95: =+Table1[[#This Row],[PHYSICAL]]-Table1[[#This Row],[THEORETICAL]] -> 0 | K95: =+Table1[[#This Row],[RECEIPTS]] -> 0 | L95: =+Table1[[#This Row],[RETURNS]] -> 0 | M95: =+Table1[[#This Row],[EXCHANGED]] -> 0 | N95: =+Table1[[#This Row],[SALES]] -> 0 | O95: =+Table1[[#This Row],[ISSUES]] -> 0 | P95: =Table1[[#This Row],[RECEIPTS TO]]/1 -> 0 | Q95: =+Table1[[#This Row],[RETURNS ]]/1 -> 0 | R95: =+Table1[[#This Row],[EXCHANGED TO]]/1 -> 0 | S95: =+Table1[[#This Row],[SALES TO]]/1 -> 0 | T95: =+Table1[[#This Row],[ISSUES TO]]/1 -> 0 | U95: =IFERROR(+H95/(P95+Q95+R95+S95+T95),0) -> 0
B96: 0 | C96: 0 | D96: 0 | E96: 0 | F96: 0 | G96: 0 | H96: =+(Table1[[#This Row],[OPENING ]]+Table1[[#This Row],[RECEIPTS]]+Table1[[#This Row],[RETURNS]])-(Table1[[#This Row],[ISSUES]]+Table1[[#This Row],[EXCHANGED]]+Table1[[#This Row],[SALES]]) -> 0 | J96: =+Table1[[#This Row],[PHYSICAL]]-Table1[[#This Row],[THEORETICAL]] -> 0 | K96: =+Table1[[#This Row],[RECEIPTS]] -> 0 | L96: =+Table1[[#This Row],[RETURNS]] -> 0 | M96: =+Table1[[#This Row],[EXCHANGED]] -> 0 | N96: =+Table1[[#This Row],[SALES]] -> 0 | O96: =+Table1[[#This Row],[ISSUES]] -> 0 | P96: =Table1[[#This Row],[RECEIPTS TO]]/1 -> 0 | Q96: =+Table1[[#This Row],[RETURNS ]]/1 -> 0 | R96: =+Table1[[#This Row],[EXCHANGED TO]]/1 -> 0 | S96: =+Table1[[#This Row],[SALES TO]]/1 -> 0 | T96: =+Table1[[#This Row],[ISSUES TO]]/1 -> 0 | U96: =IFERROR(+H96/(P96+Q96+R96+S96+T96),0) -> 0
A97: PET FILM | B97: 0 | C97: 0 | D97: 0 | E97: 0 | F97: 0 | G97: 0 | H97: =+(Table1[[#This Row],[OPENING ]]+Table1[[#This Row],[RECEIPTS]]+Table1[[#This Row],[RETURNS]])-(Table1[[#This Row],[ISSUES]]+Table1[[#This Row],[EXCHANGED]]+Table1[[#This Row],[SALES]]) -> 0 | J97: =+Table1[[#This Row],[PHYSICAL]]-Table1[[#This Row],[THEORETICAL]] -> 0 | K97: =+Table1[[#This Row],[RECEIPTS]] -> 0 | L97: =+Table1[[#This Row],[RETURNS]] -> 0 | M97: =+Table1[[#This Row],[EXCHANGED]] -> 0 | N97: =+Table1[[#This Row],[SALES]] -> 0 | O97: =+Table1[[#This Row],[ISSUES]] -> 0 | P97: =Table1[[#This Row],[RECEIPTS TO]]/1 -> 0 | Q97: =+Table1[[#This Row],[RETURNS ]]/1 -> 0 | R97: =+Table1[[#This Row],[EXCHANGED TO]]/1 -> 0 | S97: =+Table1[[#This Row],[SALES TO]]/1 -> 0 | T97: =+Table1[[#This Row],[ISSUES TO]]/1 -> 0 | U97: =IFERROR(+H97/(P97+Q97+R97+S97+T97),0) -> 0
A98: NON HEAT SEALABLE 12 MIC/24000M PER ROLL POLYESTER CLEAR ONESIDE CHEMICAL COATED & THE OTHER SIDE IS CORONA TREATED | B98: 0 | C98: 0 | D98: 0 | E98: 0 | F98: 0 | G98: 0 | H98: =+(Table1[[#This Row],[OPENING ]]+Table1[[#This Row],[RECEIPTS]]+Table1[[#This Row],[RETURNS]])-(Table1[[#This Row],[ISSUES]]+Table1[[#This Row],[EXCHANGED]]+Table1[[#This Row],[SALES]]) -> 0 | J98: =+Table1[[#This Row],[PHYSICAL]]-Table1[[#This Row],[THEORETICAL]] -> 0 | K98: =+Table1[[#This Row],[RECEIPTS]] -> 0 | L98: =+Table1[[#This Row],[RETURNS]] -> 0 | M98: =+Table1[[#This Row],[EXCHANGED]] -> 0 | N98: =+Table1[[#This Row],[SALES]] -> 0 | O98: =+Table1[[#This Row],[ISSUES]] -> 0 | P98: =Table1[[#This Row],[RECEIPTS TO]]/1 -> 0 | Q98: =+Table1[[#This Row],[RETURNS ]]/1 -> 0 | R98: =+Table1[[#This Row],[EXCHANGED TO]]/1 -> 0 | S98: =+Table1[[#This Row],[SALES TO]]/1 -> 0 | T98: =+Table1[[#This Row],[ISSUES TO]]/1 -> 0 | U98: =IFERROR(+H98/(P98+Q98+R98+S98+T98),0) -> 0
A99: OC/IR 800 MM (W) | B99: 0 | C99: 0 | D99: 0 | E99: 0 | F99: 0 | G99: 0 | H99: =+(Table1[[#This Row],[OPENING ]]+Table1[[#This Row],[RECEIPTS]]+Table1[[#This Row],[RETURNS]])-(Table1[[#This Row],[ISSUES]]+Table1[[#This Row],[EXCHANGED]]+Table1[[#This Row],[SALES]]) -> 0 | J99: =+Table1[[#This Row],[PHYSICAL]]-Table1[[#This Row],[THEORETICAL]] -> 0 | K99: =+Table1[[#This Row],[RECEIPTS]] -> 0 | L99: =+Table1[[#This Row],[RETURNS]] -> 0 | M99: =+Table1[[#This Row],[EXCHANGED]] -> 0 | N99: =+Table1[[#This Row],[SALES]] -> 0 | O99: =+Table1[[#This Row],[ISSUES]] -> 0 | P99: =Table1[[#This Row],[RECEIPTS TO]]/1 -> 0 | Q99: =+Table1[[#This Row],[RETURNS ]]/1 -> 0 | R99: =+Table1[[#This Row],[EXCHANGED TO]]/1 -> 0 | S99: =+Table1[[#This Row],[SALES TO]]/1 -> 0 | T99: =+Table1[[#This Row],[ISSUES TO]]/1 -> 0 | U99: =IFERROR(+H99/(P99+Q99+R99+S99+T99),0) -> 0
A100: OC/IR 1150 MM (W) | B100: 0 | C100: 0 | D100: 0 | E100: 0 | F100: 0 | G100: 0 | H100: =+(Table1[[#This Row],[OPENING ]]+Table1[[#This Row],[RECEIPTS]]+Table1[[#This Row],[RETURNS]])-(Table1[[#This Row],[ISSUES]]+Table1[[#This Row],[EXCHANGED]]+Table1[[#This Row],[SALES]]) -> 0 | J100: =+Table1[[#This Row],[PHYSICAL]]-Table1[[#This Row],[THEORETICAL]] -> 0 | K100: =+Table1[[#This Row],[RECEIPTS]] -> 0 | L100: =+Table1[[#This Row],[RETURNS]] -> 0 | M100: =+Table1[[#This Row],[EXCHANGED]] -> 0 | N100: =+Table1[[#This Row],[SALES]] -> 0 | O100: =+Table1[[#This Row],[ISSUES]] -> 0 | P100: =Table1[[#This Row],[RECEIPTS TO]]/1 -> 0 | Q100: =+Table1[[#This Row],[RETURNS ]]/1 -> 0 | R100: =+Table1[[#This Row],[EXCHANGED TO]]/1 -> 0 | S100: =+Table1[[#This Row],[SALES TO]]/1 -> 0 | T100: =+Table1[[#This Row],[ISSUES TO]]/1 -> 0 | U100: =IFERROR(+H100/(P100+Q100+R100+S100+T100),0) -> 0
B101: 0 | C101: 0 | D101: 0 | E101: 0 | F101: 0 | G101: 0 | H101: =+(Table1[[#This Row],[OPENING ]]+Table1[[#This Row],[RECEIPTS]]+Table1[[#This Row],[RETURNS]])-(Table1[[#This Row],[ISSUES]]+Table1[[#This Row],[EXCHANGED]]+Table1[[#This Row],[SALES]]) -> 0 | J101: =+Table1[[#This Row],[PHYSICAL]]-Table1[[#This Row],[THEORETICAL]] -> 0 | K101: =+Table1[[#This Row],[RECEIPTS]] -> 0 | L101: =+Table1[[#This Row],[RETURNS]] -> 0 | M101: =+Table1[[#This Row],[EXCHANGED]] -> 0 | N101: =+Table1[[#This Row],[SALES]] -> 0 | O101: =+Table1[[#This Row],[ISSUES]] -> 0 | P101: =Table1[[#This Row],[RECEIPTS TO]]/1 -> 0 | Q101: =+Table1[[#This Row],[RETURNS ]]/1 -> 0 | R101: =+Table1[[#This Row],[EXCHANGED TO]]/1 -> 0 | S101: =+Table1[[#This Row],[SALES TO]]/1 -> 0 | T101: =+Table1[[#This Row],[ISSUES TO]]/1 -> 0 | U101: =IFERROR(+H101/(P101+Q101+R101+S101+T101),0) -> 0
...

Sheet DAY2
A1: BOPP STOCK MOVEMENT REPORT AS OF 31/8/26
A2: DESCRIPTION AND CODE | B2: OPENING | C2: RECEIPTS | D2: RETURNS | E2: EXCHANGED | F2: SALES | G2: ISSUES | H2: THEORETICAL | I2: PHYSICAL | J2: R/MATERIAL | K2: RECEIPTS TO | L2: RETURNS | M2: EXCHANGED TO | N2: SALES TO | O2: ISSUES TO | P2: AVE RECEIPTS | Q2: AVE RETURNS | R2: AVE EXCHANGED | S2: AVE SALES | T2: AVE ISSUES | U2: STOCK DAYS
B3: STOCK | H3: CLOSING STOCK | I3: CLOSING STOCK | K3: DATE | L3: TO DATE | M3: DATE | N3: DATE | O3: DATE | P3: PER DAY | Q3: PER DAY | R3: PER DAY | S3: PER DAY | T3: PER DAY
A4: BOPP : CLEAR & PET
B5: ='DAY1'!H5 -> 0 | C5: 0 | D5: 0 | E5: 0 | F5: 0 | G5: 0 | H5: =+(Table14[[#This Row],[OPENING ]]+Table14[[#This Row],[RECEIPTS]]+Table14[[#This Row],[RETURNS]])-(Table14[[#This Row],[ISSUES]]+Table14[[#This Row],[EXCHANGED]]+Table14[[#This Row],[SALES]]) -> 0 | J5: =+I5-H5 -> 0 | K5: =+'DAY1'!K5+'DAY2'!C5 -> 0 | L5: =+'DAY1'!L5+'DAY2'!D5 -> 0 | M5: =+'DAY1'!M5+'DAY2'!E5 -> 0 | N5: =+'DAY1'!N5+'DAY2'!F5 -> 0 | O5: =+'DAY1'!O5+'DAY2'!G5 -> 0 | P5: =+Table14[[#This Row],[RECEIPTS TO]]/1 -> 0 | Q5: =+Table14[[#This Row],[RETURNS ]]/1 -> 0 | R5: =+Table14[[#This Row],[EXCHANGED TO]]/1 -> 0 | S5: =+Table14[[#This Row],[SALES TO]]/1 -> 0 | T5: =+Table14[[#This Row],[ISSUES TO]]/1 -> 0 | U5: =IFERROR(+H5/(P5+Q5+R5+S5+T5),0) -> 0
B6: ='DAY1'!H6 -> 0 | C6: 0 | D6: 0 | E6: 0 | F6: 0 | G6: 0 | H6: =+(Table14[[#This Row],[OPENING ]]+Table14[[#This Row],[RECEIPTS]]+Table14[[#This Row],[RETURNS]])-(Table14[[#This Row],[ISSUES]]+Table14[[#This Row],[EXCHANGED]]+Table14[[#This Row],[SALES]]) -> 0 | J6: =+I6-H6 -> 0 | K6: =+'DAY1'!K6+'DAY2'!C6 -> 0 | L6: =+'DAY1'!L6+'DAY2'!D6 -> 0 | M6: =+'DAY1'!M6+'DAY2'!E6 -> 0 | N6: =+'DAY1'!N6+'DAY2'!F6 -> 0 | O6: =+'DAY1'!O6+'DAY2'!G6 -> 0 | P6: =+Table14[[#This Row],[RECEIPTS TO]]/1 -> 0 | Q6: =+Table14[[#This Row],[RETURNS ]]/1 -> 0 | R6: =+Table14[[#This Row],[EXCHANGED TO]]/1 -> 0 | S6: =+Table14[[#This Row],[SALES TO]]/1 -> 0 | T6: =+Table14[[#This Row],[ISSUES TO]]/1 -> 0 | U6: =IFERROR(+H6/(P6+Q6+R6+S6+T6),0) -> 0
B7: ='DAY1'!H7 -> 0 | C7: 0 | D7: 0 | E7: 0 | F7: 0 | G7: 0 | H7: =+(Table14[[#This Row],[OPENING ]]+Table14[[#This Row],[RECEIPTS]]+Table14[[#This Row],[RETURNS]])-(Table14[[#This Row],[ISSUES]]+Table14[[#This Row],[EXCHANGED]]+Table14[[#This Row],[SALES]]) -> 0 | J7: =+I7-H7 -> 0 | K7: =+'DAY1'!K7+'DAY2'!C7 -> 0 | L7: =+'DAY1'!L7+'DAY2'!D7 -> 0 | M7: =+'DAY1'!M7+'DAY2'!E7 -> 0 | N7: =+'DAY1'!N7+'DAY2'!F7 -> 0 | O7: =+'DAY1'!O7+'DAY2'!G7 -> 0 | P7: =+Table14[[#This Row],[RECEIPTS TO]]/1 -> 0 | Q7: =+Table14[[#This Row],[RETURNS ]]/1 -> 0 | R7: =+Table14[[#This Row],[EXCHANGED TO]]/1 -> 0 | S7: =+Table14[[#This Row],[SALES TO]]/1 -> 0 | T7: =+Table14[[#This Row],[ISSUES TO]]/1 -> 0 | U7: =IFERROR(+H7/(P7+Q7+R7+S7+T7),0) -> 0
A8: 110*12 PET BOPP | B8: ='DAY1'!H8 -> 8.5 | C8: 0 | D8: 0 | E8: 0 | F8: 0 | G8: 0 | H8: =+(Table14[[#This Row],[OPENING ]]+Table14[[#This Row],[RECEIPTS]]+Table14[[#This Row],[RETURNS]])-(Table14[[#This Row],[ISSUES]]+Table14[[#This Row],[EXCHANGED]]+Table14[[#This Row],[SALES]]) -> 8.5 | I8: 8.5 | J8: =+I8-H8 -> 0 | K8: =+'DAY1'!K8+'DAY2'!C8 -> 0 | L8: =+'DAY1'!L8+'DAY2'!D8 -> 0 | M8: =+'DAY1'!M8+'DAY2'!E8 -> 0 | N8: =+'DAY1'!N8+'DAY2'!F8 -> 0 | O8: =+'DAY1'!O8+'DAY2'!G8 -> 0 | P8: =+Table14[[#This Row],[RECEIPTS TO]]/1 -> 0 | Q8: =+Table14[[#This Row],[RETURNS ]]/1 -> 0 | R8: =+Table14[[#This Row],[EXCHANGED TO]]/1 -> 0 | S8: =+Table14[[#This Row],[SALES TO]]/1 -> 0 | T8: =+Table14[[#This Row],[ISSUES TO]]/1 -> 0 | U8: =IFERROR(+H8/(P8+Q8+R8+S8+T8),0) -> 0
A9: 115*12 PET BOPP | B9: ='DAY1'!H9 -> 15 | C9: 0 | D9: 0 | E9: 0 | F9: 0 | G9: 0 | H9: =+(Table14[[#This Row],[OPENING ]]+Table14[[#This Row],[RECEIPTS]]+Table14[[#This Row],[RETURNS]])-(Table14[[#This Row],[ISSUES]]+Table14[[#This Row],[EXCHANGED]]+Table14[[#This Row],[SALES]]) -> 15 | I9: 15 | J9: =+I9-H9 -> 0 | K9: =+'DAY1'!K9+'DAY2'!C9 -> 0 | L9: =+'DAY1'!L9+'DAY2'!D9 -> 0 | M9: =+'DAY1'!M9+'DAY2'!E9 -> 0 | N9: =+'DAY1'!N9+'DAY2'!F9 -> 0 | O9: =+'DAY1'!O9+'DAY2'!G9 -> 0 | P9: =+Table14[[#This Row],[RECEIPTS TO]]/1 -> 0 | Q9: =+Table14[[#This Row],[RETURNS ]]/1 -> 0 | R9: =+Table14[[#This Row],[EXCHANGED TO]]/1 -> 0 | S9: =+Table14[[#This Row],[SALES TO]]/1 -> 0 | T9: =+Table14[[#This Row],[ISSUES TO]]/1 -> 0 | U9: =IFERROR(+H9/(P9+Q9+R9+S9+T9),0) -> 0
A10: 125*12 PET BOPP | B10: ='DAY1'!H10 -> 18 | C10: 0 | D10: 0 | E10: 0 | F10: 0 | G10: 0 | H10: =+(Table14[[#This Row],[OPENING ]]+Table14[[#This Row],[RECEIPTS]]+Table14[[#This Row],[RETURNS]])-(Table14[[#This Row],[ISSUES]]+Table14[[#This Row],[EXCHANGED]]+Table14[[#This Row],[SALES]]) -> 18 | I10: 18 | J10: =+I10-H10 -> 0 | K10: =+'DAY1'!K10+'DAY2'!C10 -> 0 | L10: =+'DAY1'!L10+'DAY2'!D10 -> 0 | M10: =+'DAY1'!M10+'DAY2'!E10 -> 0 | N10: =+'DAY1'!N10+'DAY2'!F10 -> 0 | O10: =+'DAY1'!O10+'DAY2'!G10 -> 0 | P10: =+Table14[[#This Row],[RECEIPTS TO]]/1 -> 0 | Q10: =+Table14[[#This Row],[RETURNS ]]/1 -> 0 | R10: =+Table14[[#This Row],[EXCHANGED TO]]/1 -> 0 | S10: =+Table14[[#This Row],[SALES TO]]/1 -> 0 | T10: =+Table14[[#This Row],[ISSUES TO]]/1 -> 0 | U10: =IFERROR(+H10/(P10+Q10+R10+S10+T10),0) -> 0
A11: 129*12 PET BOPP | B11: ='DAY1'!H11 -> 10 | C11: 0 | D11: 0 | E11: 0 | F11: 0 | G11: 0 | H11: =+(Table14[[#This Row],[OPENING ]]+Table14[[#This Row],[RECEIPTS]]+Table14[[#This Row],[RETURNS]])-(Table14[[#This Row],[ISSUES]]+Table14[[#This Row],[EXCHANGED]]+Table14[[#This Row],[SALES]]) -> 10 | I11: 10 | J11: =+I11-H11 -> 0 | K11: =+'DAY1'!K11+'DAY2'!C11 -> 0 | L11: =+'DAY1'!L11+'DAY2'!D11 -> 0 | M11: =+'DAY1'!M11+'DAY2'!E11 -> 0 | N11: =+'DAY1'!N11+'DAY2'!F11 -> 0 | O11: =+'DAY1'!O11+'DAY2'!G11 -> 0 | P11: =+Table14[[#This Row],[RECEIPTS TO]]/1 -> 0 | Q11: =+Table14[[#This Row],[RETURNS ]]/1 -> 0 | R11: =+Table14[[#This Row],[EXCHANGED TO]]/1 -> 0 | S11: =+Table14[[#This Row],[SALES TO]]/1 -> 0 | T11: =+Table14[[#This Row],[ISSUES TO]]/1 -> 0 | U11: =IFERROR(+H11/(P11+Q11+R11+S11+T11),0) -> 0
A12: 150*12 PET BOPP | B12: ='DAY1'!H12 -> 28.6 | C12: 0 | D12: 0 | E12: 0 | F12: 0 | G12: 0 | H12: =+(Table14[[#This Row],[OPENING ]]+Table14[[#This Row],[RECEIPTS]]+Table14[[#This Row],[RETURNS]])-(Table14[[#This Row],[ISSUES]]+Table14[[#This Row],[EXCHANGED]]+Table14[[#This Row],[SALES]]) -> 28.6 | I12: 28.6 | J12: =+I12-H12 -> 0 | K12: =+'DAY1'!K12+'DAY2'!C12 -> 0 | L12: =+'DAY1'!L12+'DAY2'!D12 -> 0 | M12: =+'DAY1'!M12+'DAY2'!E12 -> 0 | N12: =+'DAY1'!N12+'DAY2'!F12 -> 0 | O12: =+'DAY1'!O12+'DAY2'!G12 -> 0 | P12: =+Table14[[#This Row],[RECEIPTS TO]]/1 -> 0 | Q12: =+Table14[[#This Row],[RETURNS ]]/1 -> 0 | R12: =+Table14[[#This Row],[EXCHANGED TO]]/1 -> 0 | S12: =+Table14[[#This Row],[SALES TO]]/1 -> 0 | T12: =+Table14[[#This Row],[ISSUES TO]]/1 -> 0 | U12: =IFERROR(+H12/(P12+Q12+R12+S12+T12),0) -> 0
A13: 155*12 PET BOPP | B13: ='DAY1'!H13 -> 23.5 | C13: 0 | D13: 0 | E13: 0 | F13: 0 | G13: 0 | H13: =+(Table14[[#This Row],[OPENING ]]+Table14[[#This Row],[RECEIPTS]]+Table14[[#This Row],[RETURNS]])-(Table14[[#This Row],[ISSUES]]+Table14[[#This Row],[EXCHANGED]]+Table14[[#This Row],[SALES]]) -> 23.5 | I13: 23.5 | J13: =+I13-H13 -> 0 | K13: =+'DAY1'!K13+'DAY2'!C13 -> 0 | L13: =+'DAY1'!L13+'DAY2'!D13 -> 0 | M13: =+'DAY1'!M13+'DAY2'!E13 -> 0 | N13: =+'DAY1'!N13+'DAY2'!F13 -> 0 | O13: =+'DAY1'!O13+'DAY2'!G13 -> 0 | P13: =+Table14[[#This Row],[RECEIPTS TO]]/1 -> 0 | Q13: =+Table14[[#This Row],[RETURNS ]]/1 -> 0 | R13: =+Table14[[#This Row],[EXCHANGED TO]]/1 -> 0 | S13: =+Table14[[#This Row],[SALES TO]]/1 -> 0 | T13: =+Table14[[#This Row],[ISSUES TO]]/1 -> 0 | U13: =IFERROR(+H13/(P13+Q13+R13+S13+T13),0) -> 0
A14: 160*12 PET BOPP | B14: ='DAY1'!H14 -> 30.5 | C14: 0 | D14: 0 | E14: 0 | F14: 0 | G14: 0 | H14: =+(Table14[[#This Row],[OPENING ]]+Table14[[#This Row],[RECEIPTS]]+Table14[[#This Row],[RETURNS]])-(Table14[[#This Row],[ISSUES]]+Table14[[#This Row],[EXCHANGED]]+Table14[[#This Row],[SALES]]) -> 30.5 | I14: 30.5 | J14: =+I14-H14 -> 0 | K14: =+'DAY1'!K14+'DAY2'!C14 -> 0 | L14: =+'DAY1'!L14+'DAY2'!D14 -> 0 | M14: =+'DAY1'!M14+'DAY2'!E14 -> 0 | N14: =+'DAY1'!N14+'DAY2'!F14 -> 0 | O14: =+'DAY1'!O14+'DAY2'!G14 -> 0 | P14: =+Table14[[#This Row],[RECEIPTS TO]]/1 -> 0 | Q14: =+Table14[[#This Row],[RETURNS ]]/1 -> 0 | R14: =+Table14[[#This Row],[EXCHANGED TO]]/1 -> 0 | S14: =+Table14[[#This Row],[SALES TO]]/1 -> 0 | T14: =+Table14[[#This Row],[ISSUES TO]]/1 -> 0 | U14: =IFERROR(+H14/(P14+Q14+R14+S14+T14),0) -> 0
A15: 165*12 PET BOPP | B15: ='DAY1'!H15 -> 33.5 | C15: 0 | D15: 0 | E15: 0 | F15: 0 | G15: 0 | H15: =+(Table14[[#This Row],[OPENING ]]+Table14[[#This Row],[RECEIPTS]]+Table14[[#This Row],[RETURNS]])-(Table14[[#This Row],[ISSUES]]+Table14[[#This Row],[EXCHANGED]]+Table14[[#This Row],[SALES]]) -> 33.5 | I15: 33.5 | J15: =+I15-H15 -> 0 | K15: =+'DAY1'!K15+'DAY2'!C15 -> 0 | L15: =+'DAY1'!L15+'DAY2'!D15 -> 0 | M15: =+'DAY1'!M15+'DAY2'!E15 -> 0 | N15: =+'DAY1'!N15+'DAY2'!F15 -> 0 | O15: =+'DAY1'!O15+'DAY2'!G15 -> 0 | P15: =+Table14[[#This Row],[RECEIPTS TO]]/1 -> 0 | Q15: =+Table14[[#This Row],[RETURNS ]]/1 -> 0 | R15: =+Table14[[#This Row],[EXCHANGED TO]]/1 -> 0 | S15: =+Table14[[#This Row],[SALES TO]]/1 -> 0 | T15: =+Table14[[#This Row],[ISSUES TO]]/1 -> 0 | U15: =IFERROR(+H15/(P15+Q15+R15+S15+T15),0) -> 0
A16: 218*12 PET BOPP | B16: ='DAY1'!H16 -> 36 | C16: 0 | D16: 0 | E16: 0 | F16: 0 | G16: 0 | H16: =+(Table14[[#This Row],[OPENING ]]+Table14[[#This Row],[RECEIPTS]]+Table14[[#This Row],[RETURNS]])-(Table14[[#This Row],[ISSUES]]+Table14[[#This Row],[EXCHANGED]]+Table14[[#This Row],[SALES]]) -> 36 | I16: 36 | J16: =+I16-H16 -> 0 | K16: =+'DAY1'!K16+'DAY2'!C16 -> 0 | L16: =+'DAY1'!L16+'DAY2'!D16 -> 0 | M16: =+'DAY1'!M16+'DAY2'!E16 -> 0 | N16: =+'DAY1'!N16+'DAY2'!F16 -> 0 | O16: =+'DAY1'!O16+'DAY2'!G16 -> 0 | P16: =+Table14[[#This Row],[RECEIPTS TO]]/1 -> 0 | Q16: =+Table14[[#This Row],[RETURNS ]]/1 -> 0 | R16: =+Table14[[#This Row],[EXCHANGED TO]]/1 -> 0 | S16: =+Table14[[#This Row],[SALES TO]]/1 -> 0 | T16: =+Table14[[#This Row],[ISSUES TO]]/1 -> 0 | U16: =IFERROR(+H16/(P16+Q16+R16+S16+T16),0) -> 0
A17: 220*12 PET BOPP | B17: ='DAY1'!H17 -> 0 | C17: 0 | D17: 0 | E17: 0 | F17: 0 | G17: 0 | H17: =+(Table14[[#This Row],[OPENING ]]+Table14[[#This Row],[RECEIPTS]]+Table14[[#This Row],[RETURNS]])-(Table14[[#This Row],[ISSUES]]+Table14[[#This Row],[EXCHANGED]]+Table14[[#This Row],[SALES]]) -> 0 | J17: =+I17-H17 -> 0 | K17: =+'DAY1'!K17+'DAY2'!C17 -> 0 | L17: =+'DAY1'!L17+'DAY2'!D17 -> 0 | M17: =+'DAY1'!M17+'DAY2'!E17 -> 0 | N17: =+'DAY1'!N17+'DAY2'!F17 -> 0 | O17: =+'DAY1'!O17+'DAY2'!G17 -> 0 | P17: =+Table14[[#This Row],[RECEIPTS TO]]/1 -> 0 | Q17: =+Table14[[#This Row],[RETURNS ]]/1 -> 0 | R17: =+Table14[[#This Row],[EXCHANGED TO]]/1 -> 0 | S17: =+Table14[[#This Row],[SALES TO]]/1 -> 0 | T17: =+Table14[[#This Row],[ISSUES TO]]/1 -> 0 | U17: =IFERROR(+H17/(P17+Q17+R17+S17+T17),0) -> 0
A18: 229*12 PET BOPP | B18: ='DAY1'!H18 -> 0 | C18: 0 | D18: 0 | E18: 0 | F18: 0 | G18: 0 | H18: =+(Table14[[#This Row],[OPENING ]]+Table14[[#This Row],[RECEIPTS]]+Table14[[#This Row],[RETURNS]])-(Table14[[#This Row],[ISSUES]]+Table14[[#This Row],[EXCHANGED]]+Table14[[#This Row],[SALES]]) -> 0 | J18: =+I18-H18 -> 0 | K18: =+'DAY1'!K18+'DAY2'!C18 -> 0 | L18: =+'DAY1'!L18+'DAY2'!D18 -> 0 | M18: =+'DAY1'!M18+'DAY2'!E18 -> 0 | N18: =+'DAY1'!N18+'DAY2'!F18 -> 0 | O18: =+'DAY1'!O18+'DAY2'!G18 -> 0 | P18: =+Table14[[#This Row],[RECEIPTS TO]]/1 -> 0 | Q18: =+Table14[[#This Row],[RETURNS ]]/1 -> 0 | R18: =+Table14[[#This Row],[EXCHANGED TO]]/1 -> 0 | S18: =+Table14[[#This Row],[SALES TO]]/1 -> 0 | T18: =+Table14[[#This Row],[ISSUES TO]]/1 -> 0 | U18: =IFERROR(+H18/(P18+Q18+R18+S18+T18),0) -> 0
A19: 230*19 PET BOPP | B19: ='DAY1'!H19 -> 27 | C19: 0 | D19: 0 | E19: 0 | F19: 0 | G19: 0 | H19: =+(Table14[[#This Row],[OPENING ]]+Table14[[#This Row],[RECEIPTS]]+Table14[[#This Row],[RETURNS]])-(Table14[[#This Row],[ISSUES]]+Table14[[#This Row],[EXCHANGED]]+Table14[[#This Row],[SALES]]) -> 27 | I19: 27 | J19: =+I19-H19 -> 0 | K19: =+'DAY1'!K19+'DAY2'!C19 -> 0 | L19: =+'DAY1'!L19+'DAY2'!D19 -> 0 | M19: =+'DAY1'!M19+'DAY2'!E19 -> 0 | N19: =+'DAY1'!N19+'DAY2'!F19 -> 0 | O19: =+'DAY1'!O19+'DAY2'!G19 -> 0 | P19: =+Table14[[#This Row],[RECEIPTS TO]]/1 -> 0 | Q19: =+Table14[[#This Row],[RETURNS ]]/1 -> 0 | R19: =+Table14[[#This Row],[EXCHANGED TO]]/1 -> 0 | S19: =+Table14[[#This Row],[SALES TO]]/1 -> 0 | T19: =+Table14[[#This Row],[ISSUES TO]]/1 -> 0 | U19: =IFERROR(+H19/(P19+Q19+R19+S19+T19),0) -> 0
A20: 190*12 PET BOPP | B20: ='DAY1'!H20 -> 228.5 | C20: 0 | D20: 0 | E20: 0 | F20: 0 | G20: 0 | H20: =+(Table14[[#This Row],[OPENING ]]+Table14[[#This Row],[RECEIPTS]]+Table14[[#This Row],[RETURNS]])-(Table14[[#This Row],[ISSUES]]+Table14[[#This Row],[EXCHANGED]]+Table14[[#This Row],[SALES]]) -> 228.5 | I20: 228.5 | J20: =+I20-H20 -> 0 | K20: =+'DAY1'!K20+'DAY2'!C20 -> 0 | L20: =+'DAY1'!L20+'DAY2'!D20 -> 0 | M20: =+'DAY1'!M20+'DAY2'!E20 -> 0 | N20: =+'DAY1'!N20+'DAY2'!F20 -> 0 | O20: =+'DAY1'!O20+'DAY2'!G20 -> 0 | P20: =+Table14[[#This Row],[RECEIPTS TO]]/1 -> 0 | Q20: =+Table14[[#This Row],[RETURNS ]]/1 -> 0 | R20: =+Table14[[#This Row],[EXCHANGED TO]]/1 -> 0 | S20: =+Table14[[#This Row],[SALES TO]]/1 -> 0 | T20: =+Table14[[#This Row],[ISSUES TO]]/1 -> 0 | U20: =IFERROR(+H20/(P20+Q20+R20+S20+T20),0) -> 0
A21: 170 *12 PET BOPP | B21: ='DAY1'!H21 -> 70 | C21: 0 | D21: 0 | E21: 0 | F21: 0 | G21: 0 | H21: =+(Table14[[#This Row],[OPENING ]]+Table14[[#This Row],[RECEIPTS]]+Table14[[#This Row],[RETURNS]])-(Table14[[#This Row],[ISSUES]]+Table14[[#This Row],[EXCHANGED]]+Table14[[#This Row],[SALES]]) -> 70 | I21: 70 | J21: =+I21-H21 -> 0 | K21: =+'DAY1'!K21+'DAY2'!C21 -> 0 | L21: =+'DAY1'!L21+'DAY2'!D21 -> 0 | M21: =+'DAY1'!M21+'DAY2'!E21 -> 0 | N21: =+'DAY1'!N21+'DAY2'!F21 -> 0 | O21: =+'DAY1'!O21+'DAY2'!G21 -> 0 | P21: =+Table14[[#This Row],[RECEIPTS TO]]/1 -> 0 | Q21: =+Table14[[#This Row],[RETURNS ]]/1 -> 0 | R21: =+Table14[[#This Row],[EXCHANGED TO]]/1 -> 0 | S21: =+Table14[[#This Row],[SALES TO]]/1 -> 0 | T21: =+Table14[[#This Row],[ISSUES TO]]/1 -> 0 | U21: =IFERROR(+H21/(P21+Q21+R21+S21+T21),0) -> 0
A22: 140*12 PET BOPP | B22: ='DAY1'!H22 -> 14 | C22: 0 | D22: 0 | E22: 0 | F22: 0 | G22: 0 | H22: =+(Table14[[#This Row],[OPENING ]]+Table14[[#This Row],[RECEIPTS]]+Table14[[#This Row],[RETURNS]])-(Table14[[#This Row],[ISSUES]]+Table14[[#This Row],[EXCHANGED]]+Table14[[#This Row],[SALES]]) -> 14 | I22: 14 | J22: =+I22-H22 -> 0 | K22: =+'DAY1'!K22+'DAY2'!C22 -> 0 | L22: =+'DAY1'!L22+'DAY2'!D22 -> 0 | M22: =+'DAY1'!M22+'DAY2'!E22 -> 0 | N22: =+'DAY1'!N22+'DAY2'!F22 -> 0 | O22: =+'DAY1'!O22+'DAY2'!G22 -> 0 | P22: =+Table14[[#This Row],[RECEIPTS TO]]/1 -> 0 | Q22: =+Table14[[#This Row],[RETURNS ]]/1 -> 0 | R22: =+Table14[[#This Row],[EXCHANGED TO]]/1 -> 0 | S22: =+Table14[[#This Row],[SALES TO]]/1 -> 0 | T22: =+Table14[[#This Row],[ISSUES TO]]/1 -> 0 | U22: =IFERROR(+H22/(P22+Q22+R22+S22+T22),0) -> 0
A23: 290*12 PET BOPP | B23: ='DAY1'!H23 -> 70 | C23: 0 | D23: 0 | E23: 0 | F23: 0 | G23: 0 | H23: =+(Table14[[#This Row],[OPENING ]]+Table14[[#This Row],[RECEIPTS]]+Table14[[#This Row],[RETURNS]])-(Table14[[#This Row],[ISSUES]]+Table14[[#This Row],[EXCHANGED]]+Table14[[#This Row],[SALES]]) -> 70 | I23: 70 | J23: =+I23-H23 -> 0 | K23: =+'DAY1'!K23+'DAY2'!C23 -> 0 | L23: =+'DAY1'!L23+'DAY2'!D23 -> 0 | M23: =+'DAY1'!M23+'DAY2'!E23 -> 0 | N23: =+'DAY1'!N23+'DAY2'!F23 -> 0 | O23: =+'DAY1'!O23+'DAY2'!G23 -> 0 | P23: =+Table14[[#This Row],[RECEIPTS TO]]/1 -> 0 | Q23: =+Table14[[#This Row],[RETURNS ]]/1 -> 0 | R23: =+Table14[[#This Row],[EXCHANGED TO]]/1 -> 0 | S23: =+Table14[[#This Row],[SALES TO]]/1 -> 0 | T23: =+Table14[[#This Row],[ISSUES TO]]/1 -> 0 | U23: =IFERROR(+H23/(P23+Q23+R23+S23+T23),0) -> 0
A24: 320*12 PET BOPP | B24: ='DAY1'!H24 -> 49 | C24: 0 | D24: 0 | E24: 0 | F24: 0 | G24: 0 | H24: =+(Table14[[#This Row],[OPENING ]]+Table14[[#This Row],[RECEIPTS]]+Table14[[#This Row],[RETURNS]])-(Table14[[#This Row],[ISSUES]]+Table14[[#This Row],[EXCHANGED]]+Table14[[#This Row],[SALES]]) -> 49 | I24: 49 | J24: =+I24-H24 -> 0 | K24: =+'DAY1'!K24+'DAY2'!C24 -> 0 | L24: =+'DAY1'!L24+'DAY2'!D24 -> 0 | M24: =+'DAY1'!M24+'DAY2'!E24 -> 0 | N24: =+'DAY1'!N24+'DAY2'!F24 -> 0 | O24: =+'DAY1'!O24+'DAY2'!G24 -> 0 | P24: =+Table14[[#This Row],[RECEIPTS TO]]/1 -> 0 | Q24: =+Table14[[#This Row],[RETURNS ]]/1 -> 0 | R24: =+Table14[[#This Row],[EXCHANGED TO]]/1 -> 0 | S24: =+Table14[[#This Row],[SALES TO]]/1 -> 0 | T24: =+Table14[[#This Row],[ISSUES TO]]/1 -> 0 | U24: =IFERROR(+H24/(P24+Q24+R24+S24+T24),0) -> 0
B25: ='DAY1'!H25 -> 0 | C25: 0 | D25: 0 | E25: 0 | F25: 0 | G25: 0 | H25: =+(Table14[[#This Row],[OPENING ]]+Table14[[#This Row],[RECEIPTS]]+Table14[[#This Row],[RETURNS]])-(Table14[[#This Row],[ISSUES]]+Table14[[#This Row],[EXCHANGED]]+Table14[[#This Row],[SALES]]) -> 0 | J25: =+I25-H25 -> 0 | K25: =+'DAY1'!K25+'DAY2'!C25 -> 0 | L25: =+'DAY1'!L25+'DAY2'!D25 -> 0 | M25: =+'DAY1'!M25+'DAY2'!E25 -> 0 | N25: =+'DAY1'!N25+'DAY2'!F25 -> 0 | O25: =+'DAY1'!O25+'DAY2'!G25 -> 0 | P25: =+Table14[[#This Row],[RECEIPTS TO]]/1 -> 0 | Q25: =+Table14[[#This Row],[RETURNS ]]/1 -> 0 | R25: =+Table14[[#This Row],[EXCHANGED TO]]/1 -> 0 | S25: =+Table14[[#This Row],[SALES TO]]/1 -> 0 | T25: =+Table14[[#This Row],[ISSUES TO]]/1 -> 0 | U25: =IFERROR(+H25/(P25+Q25+R25+S25+T25),0) -> 0
A26: CLEAR BOPP | B26: ='DAY1'!H26 -> 0 | C26: 0 | D26: 0 | E26: 0 | F26: 0 | G26: 0 | H26: =+(Table14[[#This Row],[OPENING ]]+Table14[[#This Row],[RECEIPTS]]+Table14[[#This Row],[RETURNS]])-(Table14[[#This Row],[ISSUES]]+Table14[[#This Row],[EXCHANGED]]+Table14[[#This Row],[SALES]]) -> 0 | J26: =+I26-H26 -> 0 | K26: =+'DAY1'!K26+'DAY2'!C26 -> 0 | L26: =+'DAY1'!L26+'DAY2'!D26 -> 0 | M26: =+'DAY1'!M26+'DAY2'!E26 -> 0 | N26: =+'DAY1'!N26+'DAY2'!F26 -> 0 | O26: =+'DAY1'!O26+'DAY2'!G26 -> 0 | P26: =+Table14[[#This Row],[RECEIPTS TO]]/1 -> 0 | Q26: =+Table14[[#This Row],[RETURNS ]]/1 -> 0 | R26: =+Table14[[#This Row],[EXCHANGED TO]]/1 -> 0 | S26: =+Table14[[#This Row],[SALES TO]]/1 -> 0 | T26: =+Table14[[#This Row],[ISSUES TO]]/1 -> 0 | U26: =IFERROR(+H26/(P26+Q26+R26+S26+T26),0) -> 0
A27: 755*18 CLEAR BOPP | B27: ='DAY1'!H27 -> 506.2 | C27: 0 | D27: 0 | E27: 0 | F27: 0 | G27: 0 | H27: =+(Table14[[#This Row],[OPENING ]]+Table14[[#This Row],[RECEIPTS]]+Table14[[#This Row],[RETURNS]])-(Table14[[#This Row],[ISSUES]]+Table14[[#This Row],[EXCHANGED]]+Table14[[#This Row],[SALES]]) -> 506.2 | I27: 506.2 | J27: =+I27-H27 -> 0 | K27: =+'DAY1'!K27+'DAY2'!C27 -> 0 | L27: =+'DAY1'!L27+'DAY2'!D27 -> 0 | M27: =+'DAY1'!M27+'DAY2'!E27 -> 0 | N27: =+'DAY1'!N27+'DAY2'!F27 -> 0 | O27: =+'DAY1'!O27+'DAY2'!G27 -> 0 | P27: =+Table14[[#This Row],[RECEIPTS TO]]/1 -> 0 | Q27: =+Table14[[#This Row],[RETURNS ]]/1 -> 0 | R27: =+Table14[[#This Row],[EXCHANGED TO]]/1 -> 0 | S27: =+Table14[[#This Row],[SALES TO]]/1 -> 0 | T27: =+Table14[[#This Row],[ISSUES TO]]/1 -> 0 | U27: =IFERROR(+H27/(P27+Q27+R27+S27+T27),0) -> 0
A28: 300 MM X 20 UM COOL CYCLONE | B28: ='DAY1'!H28 -> 0 | C28: 0 | D28: 0 | E28: 0 | F28: 0 | G28: 0 | H28: =+(Table14[[#This Row],[OPENING ]]+Table14[[#This Row],[RECEIPTS]]+Table14[[#This Row],[RETURNS]])-(Table14[[#This Row],[ISSUES]]+Table14[[#This Row],[EXCHANGED]]+Table14[[#This Row],[SALES]]) -> 0 | J28: =+I28-H28 -> 0 | K28: =+'DAY1'!K28+'DAY2'!C28 -> 0 | L28: =+'DAY1'!L28+'DAY2'!D28 -> 0 | M28: =+'DAY1'!M28+'DAY2'!E28 -> 0 | N28: =+'DAY1'!N28+'DAY2'!F28 -> 0 | O28: =+'DAY1'!O28+'DAY2'!G28 -> 0 | P28: =+Table14[[#This Row],[RECEIPTS TO]]/1 -> 0 | Q28: =+Table14[[#This Row],[RETURNS ]]/1 -> 0 | R28: =+Table14[[#This Row],[EXCHANGED TO]]/1 -> 0 | S28: =+Table14[[#This Row],[SALES TO]]/1 -> 0 | T28: =+Table14[[#This Row],[ISSUES TO]]/1 -> 0 | U28: =IFERROR(+H28/(P28+Q28+R28+S28+T28),0) -> 0
A29: 570 MM X 20 UM COOL CYCLONE | B29: ='DAY1'!H29 -> 318.3 | C29: 0 | D29: 0 | E29: 0 | F29: 0 | G29: 0 | H29: =+(Table14[[#This Row],[OPENING ]]+Table14[[#This Row],[RECEIPTS]]+Table14[[#This Row],[RETURNS]])-(Table14[[#This Row],[ISSUES]]+Table14[[#This Row],[EXCHANGED]]+Table14[[#This Row],[SALES]]) -> 318.3 | I29: 318.3 | J29: =+I29-H29 -> 0 | K29: =+'DAY1'!K29+'DAY2'!C29 -> 0 | L29: =+'DAY1'!L29+'DAY2'!D29 -> 0 | M29: =+'DAY1'!M29+'DAY2'!E29 -> 0 | N29: =+'DAY1'!N29+'DAY2'!F29 -> 0 | O29: =+'DAY1'!O29+'DAY2'!G29 -> 0 | P29: =+Table14[[#This Row],[RECEIPTS TO]]/1 -> 0 | Q29: =+Table14[[#This Row],[RETURNS ]]/1 -> 0 | R29: =+Table14[[#This Row],[EXCHANGED TO]]/1 -> 0 | S29: =+Table14[[#This Row],[SALES TO]]/1 -> 0 | T29: =+Table14[[#This Row],[ISSUES TO]]/1 -> 0 | U29: =IFERROR(+H29/(P29+Q29+R29+S29+T29),0) -> 0
A30: 550 MM X 20 UM COOL CYCLONE | B30: ='DAY1'!H30 -> 0 | C30: 0 | D30: 0 | E30: 0 | F30: 0 | G30: 0 | H30: =+(Table14[[#This Row],[OPENING ]]+Table14[[#This Row],[RECEIPTS]]+Table14[[#This Row],[RETURNS]])-(Table14[[#This Row],[ISSUES]]+Table14[[#This Row],[EXCHANGED]]+Table14[[#This Row],[SALES]]) -> 0 | J30: =+I30-H30 -> 0 | K30: =+'DAY1'!K30+'DAY2'!C30 -> 0 | L30: =+'DAY1'!L30+'DAY2'!D30 -> 0 | M30: =+'DAY1'!M30+'DAY2'!E30 -> 0 | N30: =+'DAY1'!N30+'DAY2'!F30 -> 0 | O30: =+'DAY1'!O30+'DAY2'!G30 -> 0 | P30: =+Table14[[#This Row],[RECEIPTS TO]]/1 -> 0 | Q30: =+Table14[[#This Row],[RETURNS ]]/1 -> 0 | R30: =+Table14[[#This Row],[EXCHANGED TO]]/1 -> 0 | S30: =+Table14[[#This Row],[SALES TO]]/1 -> 0 | T30: =+Table14[[#This Row],[ISSUES TO]]/1 -> 0 | U30: =IFERROR(+H30/(P30+Q30+R30+S30+T30),0) -> 0
A31: 1100 MM X 30 UM COOL CYCLONE | B31: ='DAY1'!H31 -> 0 | C31: 0 | D31: 0 | E31: 0 | F31: 0 | G31: 0 | H31: =+(Table14[[#This Row],[OPENING ]]+Table14[[#This Row],[RECEIPTS]]+Table14[[#This Row],[RETURNS]])-(Table14[[#This Row],[ISSUES]]+Table14[[#This Row],[EXCHANGED]]+Table14[[#This Row],[SALES]]) -> 0 | J31: =+I31-H31 -> 0 | K31: =+'DAY1'!K31+'DAY2'!C31 -> 0 | L31: =+'DAY1'!L31+'DAY2'!D31 -> 0 | M31: =+'DAY1'!M31+'DAY2'!E31 -> 0 | N31: =+'DAY1'!N31+'DAY2'!F31 -> 0 | O31: =+'DAY1'!O31+'DAY2'!G31 -> 0 | P31: =+Table14[[#This Row],[RECEIPTS TO]]/1 -> 0 | Q31: =+Table14[[#This Row],[RETURNS ]]/1 -> 0 | R31: =+Table14[[#This Row],[EXCHANGED TO]]/1 -> 0 | S31: =+Table14[[#This Row],[SALES TO]]/1 -> 0 | T31: =+Table14[[#This Row],[ISSUES TO]]/1 -> 0 | U31: =IFERROR(+H31/(P31+Q31+R31+S31+T31),0) -> 0
A32: 1100 MM X 30 UM SRF | B32: ='DAY1'!H32 -> 0 | C32: 0 | D32: 0 | E32: 0 | F32: 0 | G32: 0 | H32: =+(Table14[[#This Row],[OPENING ]]+Table14[[#This Row],[RECEIPTS]]+Table14[[#This Row],[RETURNS]])-(Table14[[#This Row],[ISSUES]]+Table14[[#This Row],[EXCHANGED]]+Table14[[#This Row],[SALES]]) -> 0 | J32: =+I32-H32 -> 0 | K32: =+'DAY1'!K32+'DAY2'!C32 -> 0 | L32: =+'DAY1'!L32+'DAY2'!D32 -> 0 | M32: =+'DAY1'!M32+'DAY2'!E32 -> 0 | N32: =+'DAY1'!N32+'DAY2'!F32 -> 0 | O32: =+'DAY1'!O32+'DAY2'!G32 -> 0 | P32: =+Table14[[#This Row],[RECEIPTS TO]]/1 -> 0 | Q32: =+Table14[[#This Row],[RETURNS ]]/1 -> 0 | R32: =+Table14[[#This Row],[EXCHANGED TO]]/1 -> 0 | S32: =+Table14[[#This Row],[SALES TO]]/1 -> 0 | T32: =+Table14[[#This Row],[ISSUES TO]]/1 -> 0 | U32: =IFERROR(+H32/(P32+Q32+R32+S32+T32),0) -> 0
A33: 390 MM X 20 UM | B33: ='DAY1'!H33 -> 0 | C33: 0 | D33: 0 | E33: 0 | F33: 0 | G33: 0 | H33: =+(Table14[[#This Row],[OPENING ]]+Table14[[#This Row],[RECEIPTS]]+Table14[[#This Row],[RETURNS]])-(Table14[[#This Row],[ISSUES]]+Table14[[#This Row],[EXCHANGED]]+Table14[[#This Row],[SALES]]) -> 0 | J33: =+I33-H33 -> 0 | K33: =+'DAY1'!K33+'DAY2'!C33 -> 0 | L33: =+'DAY1'!L33+'DAY2'!D33 -> 0 | M33: =+'DAY1'!M33+'DAY2'!E33 -> 0 | N33: =+'DAY1'!N33+'DAY2'!F33 -> 0 | O33: =+'DAY1'!O33+'DAY2'!G33 -> 0 | P33: =+Table14[[#This Row],[RECEIPTS TO]]/1 -> 0 | Q33: =+Table14[[#This Row],[RETURNS ]]/1 -> 0 | R33: =+Table14[[#This Row],[EXCHANGED TO]]/1 -> 0 | S33: =+Table14[[#This Row],[SALES TO]]/1 -> 0 | T33: =+Table14[[#This Row],[ISSUES TO]]/1 -> 0 | U33: =IFERROR(+H33/(P33+Q33+R33+S33+T33),0) -> 0
A34: 550 MM X 30UM | B34: ='DAY1'!H34 -> 58.1 | C34: 0 | D34: 0 | E34: 0 | F34: 0 | G34: 0 | H34: =+(Table14[[#This Row],[OPENING ]]+Table14[[#This Row],[RECEIPTS]]+Table14[[#This Row],[RETURNS]])-(Table14[[#This Row],[ISSUES]]+Table14[[#This Row],[EXCHANGED]]+Table14[[#This Row],[SALES]]) -> 58.1 | I34: 58.1 | J34: =+I34-H34 -> 0 | K34: =+'DAY1'!K34+'DAY2'!C34 -> 0 | L34: =+'DAY1'!L34+'DAY2'!D34 -> 0 | M34: =+'DAY1'!M34+'DAY2'!E34 -> 0 | N34: =+'DAY1'!N34+'DAY2'!F34 -> 0 | O34: =+'DAY1'!O34+'DAY2'!G34 -> 0 | P34: =+Table14[[#This Row],[RECEIPTS TO]]/1 -> 0 | Q34: =+Table14[[#This Row],[RETURNS ]]/1 -> 0 | R34: =+Table14[[#This Row],[EXCHANGED TO]]/1 -> 0 | S34: =+Table14[[#This Row],[SALES TO]]/1 -> 0 | T34: =+Table14[[#This Row],[ISSUES TO]]/1 -> 0 | U34: =IFERROR(+H34/(P34+Q34+R34+S34+T34),0) -> 0
A35: 400 MM X 30 UM | B35: ='DAY1'!H35 -> 0 | C35: 0 | D35: 0 | E35: 0 | F35: 0 | G35: 0 | H35: =+(Table14[[#This Row],[OPENING ]]+Table14[[#This Row],[RECEIPTS]]+Table14[[#This Row],[RETURNS]])-(Table14[[#This Row],[ISSUES]]+Table14[[#This Row],[EXCHANGED]]+Table14[[#This Row],[SALES]]) -> 0 | J35: =+I35-H35 -> 0 | K35: =+'DAY1'!K35+'DAY2'!C35 -> 0 | L35: =+'DAY1'!L35+'DAY2'!D35 -> 0 | M35: =+'DAY1'!M35+'DAY2'!E35 -> 0 | N35: =+'DAY1'!N35+'DAY2'!F35 -> 0 | O35: =+'DAY1'!O35+'DAY2'!G35 -> 0 | P35: =+Table14[[#This Row],[RECEIPTS TO]]/1 -> 0 | Q35: =+Table14[[#This Row],[RETURNS ]]/1 -> 0 | R35: =+Table14[[#This Row],[EXCHANGED TO]]/1 -> 0 | S35: =+Table14[[#This Row],[SALES TO]]/1 -> 0 | T35: =+Table14[[#This Row],[ISSUES TO]]/1 -> 0 | U35: =IFERROR(+H35/(P35+Q35+R35+S35+T35),0) -> 0
A36: 640 MM X 20 UM | B36: ='DAY1'!H36 -> 31.35 | C36: 0 | D36: 0 | E36: 0 | F36: 0 | G36: 0 | H36: =+(Table14[[#This Row],[OPENING ]]+Table14[[#This Row],[RECEIPTS]]+Table14[[#This Row],[RETURNS]])-(Table14[[#This Row],[ISSUES]]+Table14[[#This Row],[EXCHANGED]]+Table14[[#This Row],[SALES]]) -> 31.35 | I36: 31.35 | J36: =+I36-H36 -> 0 | K36: =+'DAY1'!K36+'DAY2'!C36 -> 0 | L36: =+'DAY1'!L36+'DAY2'!D36 -> 0 | M36: =+'DAY1'!M36+'DAY2'!E36 -> 0 | N36: =+'DAY1'!N36+'DAY2'!F36 -> 0 | O36: =+'DAY1'!O36+'DAY2'!G36 -> 0 | P36: =+Table14[[#This Row],[RECEIPTS TO]]/1 -> 0 | Q36: =+Table14[[#This Row],[RETURNS ]]/1 -> 0 | R36: =+Table14[[#This Row],[EXCHANGED TO]]/1 -> 0 | S36: =+Table14[[#This Row],[SALES TO]]/1 -> 0 | T36: =+Table14[[#This Row],[ISSUES TO]]/1 -> 0 | U36: =IFERROR(+H36/(P36+Q36+R36+S36+T36),0) -> 0
A37: 400 MM x 20 UM COOL CYCLONE | B37: ='DAY1'!H37 -> 0 | C37: 0 | D37: 0 | E37: 0 | F37: 0 | G37: 0 | H37: =+(Table14[[#This Row],[OPENING ]]+Table14[[#This Row],[RECEIPTS]]+Table14[[#This Row],[RETURNS]])-(Table14[[#This Row],[ISSUES]]+Table14[[#This Row],[EXCHANGED]]+Table14[[#This Row],[SALES]]) -> 0 | J37: =+I37-H37 -> 0 | K37: =+'DAY1'!K37+'DAY2'!C37 -> 0 | L37: =+'DAY1'!L37+'DAY2'!D37 -> 0 | M37: =+'DAY1'!M37+'DAY2'!E37 -> 0 | N37: =+'DAY1'!N37+'DAY2'!F37 -> 0 | O37: =+'DAY1'!O37+'DAY2'!G37 -> 0 | P37: =+Table14[[#This Row],[RECEIPTS TO]]/1 -> 0 | Q37: =+Table14[[#This Row],[RETURNS ]]/1 -> 0 | R37: =+Table14[[#This Row],[EXCHANGED TO]]/1 -> 0 | S37: =+Table14[[#This Row],[SALES TO]]/1 -> 0 | T37: =+Table14[[#This Row],[ISSUES TO]]/1 -> 0 | U37: =IFERROR(+H37/(P37+Q37+R37+S37+T37),0) -> 0
A38: TOTAL BOPP | B38: =SUM(B5:B37) -> 1576.05 | C38: =SUM(C5:C37) -> 0 | D38: =SUM(D5:D37) -> 0 | E38: =SUM(E5:E37) -> 0 | F38: =SUM(F5:F37) -> 0 | G38: =SUM(G5:G37) -> 0 | H38: =SUM(H5:H37) -> 1576.05 | I38: =SUM(I5:I37) -> 1576.05 | ... U38: =SUM(U5:U37) -> 0
A39: TAEJIN BOPP
A40: HEAT SEALABLE CLEAR BOPP FILM TREATED OUTSIDE
A41: 20UM X 450 MM X L 14800 M | B41: ='DAY1'!H41 -> 452.6 | C41: 0 | D41: 0 | E41: 0 | F41: 0 | G41: 0 | H41: =+(Table14[[#This Row],[OPENING ]]+Table14[[#This Row],[RECEIPTS]]+Table14[[#This Row],[RETURNS]])-(Table14[[#This Row],[ISSUES]]+Table14[[#This Row],[EXCHANGED]]+Table14[[#This Row],[SALES]]) -> 452.6 | I41: 452.6 | J41: =+I41-H41 -> 0 | K41: =+'DAY1'!K41+'DAY2'!C41 -> 0 | L41: =+'DAY1'!L41+'DAY2'!D41 -> 0 | M41: =+'DAY1'!M41+'DAY2'!E41 -> 0 | N41: =+'DAY1'!N41+'DAY2'!F41 -> 0 | O41: =+'DAY1'!O41+'DAY2'!G41 -> 0 | P41: =+Table14[[#This Row],[RECEIPTS TO]]/1 -> 0 | Q41: =+Table14[[#This Row],[RETURNS ]]/1 -> 0 | R41: =+Table14[[#This Row],[EXCHANGED TO]]/1 -> 0 | S41: =+Table14[[#This Row],[SALES TO]]/1 -> 0 | T41: =+Table14[[#This Row],[ISSUES TO]]/1 -> 0 | U41: =IFERROR(+H41/(P41+Q41+R41+S41+T41),0) -> 0
A42: 20UM X 500 MM X L 14800 M | B42: ='DAY1'!H42 -> 555.6 | C42: 0 | D42: 0 | E42: 0 | F42: 0 | G42: 0 | H42: =+(Table14[[#This Row],[OPENING ]]+Table14[[#This Row],[RECEIPTS]]+Table14[[#This Row],[RETURNS]])-(Table14[[#This Row],[ISSUES]]+Table14[[#This Row],[EXCHANGED]]+Table14[[#This Row],[SALES]]) -> 555.6 | I42: 555.6 | J42: =+I42-H42 -> 0 | K42: =+'DAY1'!K42+'DAY2'!C42 -> 0 | L42: =+'DAY1'!L42+'DAY2'!D42 -> 0 | M42: =+'DAY1'!M42+'DAY2'!E42 -> 0 | N42: =+'DAY1'!N42+'DAY2'!F42 -> 0 | O42: =+'DAY1'!O42+'DAY2'!G42 -> 0 | P42: =+Table14[[#This Row],[RECEIPTS TO]]/1 -> 0 | Q42: =+Table14[[#This Row],[RETURNS ]]/1 -> 0 | R42: =+Table14[[#This Row],[EXCHANGED TO]]/1 -> 0 | S42: =+Table14[[#This Row],[SALES TO]]/1 -> 0 | T42: =+Table14[[#This Row],[ISSUES TO]]/1 -> 0 | U42: =IFERROR(+H42/(P42+Q42+R42+S42+T42),0) -> 0
A43: 20UM X 600 MM X L 14800 M | B43: ='DAY1'!H43 -> 0 | C43: 0 | D43: 0 | E43: 0 | F43: 0 | G43: 0 | H43: =+(Table14[[#This Row],[OPENING ]]+Table14[[#This Row],[RECEIPTS]]+Table14[[#This Row],[RETURNS]])-(Table14[[#This Row],[ISSUES]]+Table14[[#This Row],[EXCHANGED]]+Table14[[#This Row],[SALES]]) -> 0 | J43: =+I43-H43 -> 0 | K43: =+'DAY1'!K43+'DAY2'!C43 -> 0 | L43: =+'DAY1'!L43+'DAY2'!D43 -> 0 | M43: =+'DAY1'!M43+'DAY2'!E43 -> 0 | N43: =+'DAY1'!N43+'DAY2'!F43 -> 0 | O43: =+'DAY1'!O43+'DAY2'!G43 -> 0 | P43: =+Table14[[#This Row],[RECEIPTS TO]]/1 -> 0 | Q43: =+Table14[[#This Row],[RETURNS ]]/1 -> 0 | R43: =+Table14[[#This Row],[EXCHANGED TO]]/1 -> 0 | S43: =+Table14[[#This Row],[SALES TO]]/1 -> 0 | T43: =+Table14[[#This Row],[ISSUES TO]]/1 -> 0 | U43: =IFERROR(+H43/(P43+Q43+R43+S43+T43),0) -> 0
A44: 20UM X 800 MM X L 14800 M | B44: ='DAY1'!H44 -> 0 | C44: 0 | D44: 0 | E44: 0 | F44: 0 | G44: 0 | H44: =+(Table14[[#This Row],[OPENING ]]+Table14[[#This Row],[RECEIPTS]]+Table14[[#This Row],[RETURNS]])-(Table14[[#This Row],[ISSUES]]+Table14[[#This Row],[EXCHANGED]]+Table14[[#This Row],[SALES]]) -> 0 | J44: =+I44-H44 -> 0 | K44: =+'DAY1'!K44+'DAY2'!C44 -> 0 | L44: =+'DAY1'!L44+'DAY2'!D44 -> 0 | M44: =+'DAY1'!M44+'DAY2'!E44 -> 0 | N44: =+'DAY1'!N44+'DAY2'!F44 -> 0 | O44: =+'DAY1'!O44+'DAY2'!G44 -> 0 | P44: =+Table14[[#This Row],[RECEIPTS TO]]/1 -> 0 | Q44: =+Table14[[#This Row],[RETURNS ]]/1 -> 0 | R44: =+Table14[[#This Row],[EXCHANGED TO]]/1 -> 0 | S44: =+Table14[[#This Row],[SALES TO]]/1 -> 0 | T44: =+Table14[[#This Row],[ISSUES TO]]/1 -> 0 | U44: =IFERROR(+H44/(P44+Q44+R44+S44+T44),0) -> 0
A45: 20UM X 780 MM X 6000 M | B45: ='DAY1'!H45 -> 81.3 | C45: 0 | D45: 0 | E45: 0 | F45: 0 | G45: 0 | H45: =+(Table14[[#This Row],[OPENING ]]+Table14[[#This Row],[RECEIPTS]]+Table14[[#This Row],[RETURNS]])-(Table14[[#This Row],[ISSUES]]+Table14[[#This Row],[EXCHANGED]]+Table14[[#This Row],[SALES]]) -> 81.3 | I45: 81.3 | J45: =+I45-H45 -> 0 | K45: =+'DAY1'!K45+'DAY2'!C45 -> 0 | L45: =+'DAY1'!L45+'DAY2'!D45 -> 0 | M45: =+'DAY1'!M45+'DAY2'!E45 -> 0 | N45: =+'DAY1'!N45+'DAY2'!F45 -> 0 | O45: =+'DAY1'!O45+'DAY2'!G45 -> 0 | P45: =+Table14[[#This Row],[RECEIPTS TO]]/1 -> 0 | Q45: =+Table14[[#This Row],[RETURNS ]]/1 -> 0 | R45: =+Table14[[#This Row],[EXCHANGED TO]]/1 -> 0 | S45: =+Table14[[#This Row],[SALES TO]]/1 -> 0 | T45: =+Table14[[#This Row],[ISSUES TO]]/1 -> 0 | U45: =IFERROR(+H45/(P45+Q45+R45+S45+T45),0) -> 0
A46: 20UM X 550 MM | B46: ='DAY1'!H46 -> 122.2 | C46: 0 | D46: 0 | E46: 0 | F46: 0 | G46: 0 | H46: =+(Table14[[#This Row],[OPENING ]]+Table14[[#This Row],[RECEIPTS]]+Table14[[#This Row],[RETURNS]])-(Table14[[#This Row],[ISSUES]]+Table14[[#This Row],[EXCHANGED]]+Table14[[#This Row],[SALES]]) -> 122.2 | I46: 122.2 | J46: =+I46-H46 -> 0 | K46: =+'DAY1'!K46+'DAY2'!C46 -> 0 | L46: =+'DAY1'!L46+'DAY2'!D46 -> 0 | M46: =+'DAY1'!M46+'DAY2'!E46 -> 0 | N46: =+'DAY1'!N46+'DAY2'!F46 -> 0 | O46: =+'DAY1'!O46+'DAY2'!G46 -> 0 | P46: =+Table14[[#This Row],[RECEIPTS TO]]/1 -> 0 | Q46: =+Table14[[#This Row],[RETURNS ]]/1 -> 0 | R46: =+Table14[[#This Row],[EXCHANGED TO]]/1 -> 0 | S46: =+Table14[[#This Row],[SALES TO]]/1 -> 0 | T46: =+Table14[[#This Row],[ISSUES TO]]/1 -> 0 | U46: =IFERROR(+H46/(P46+Q46+R46+S46+T46),0) -> 0
A47: 30UM X 290 MM | B47: ='DAY1'!H47 -> 0 | C47: 0 | D47: 0 | E47: 0 | F47: 0 | G47: 0 | H47: =+(Table14[[#This Row],[OPENING ]]+Table14[[#This Row],[RECEIPTS]]+Table14[[#This Row],[RETURNS]])-(Table14[[#This Row],[ISSUES]]+Table14[[#This Row],[EXCHANGED]]+Table14[[#This Row],[SALES]]) -> 0 | J47: =+I47-H47 -> 0 | K47: =+'DAY1'!K47+'DAY2'!C47 -> 0 | L47: =+'DAY1'!L47+'DAY2'!D47 -> 0 | M47: =+'DAY1'!M47+'DAY2'!E47 -> 0 | N47: =+'DAY1'!N47+'DAY2'!F47 -> 0 | O47: =+'DAY1'!O47+'DAY2'!G47 -> 0 | P47: =+Table14[[#This Row],[RECEIPTS TO]]/1 -> 0 | Q47: =+Table14[[#This Row],[RETURNS ]]/1 -> 0 | R47: =+Table14[[#This Row],[EXCHANGED TO]]/1 -> 0 | S47: =+Table14[[#This Row],[SALES TO]]/1 -> 0 | T47: =+Table14[[#This Row],[ISSUES TO]]/1 -> 0 | U47: =IFERROR(+H47/(P47+Q47+R47+S47+T47),0) -> 0
A48: 30UM X 330 MM | B48: ='DAY1'!H48 -> 7 | C48: 0 | D48: 0 | E48: 0 | F48: 0 | G48: 0 | H48: =+(Table14[[#This Row],[OPENING ]]+Table14[[#This Row],[RECEIPTS]]+Table14[[#This Row],[RETURNS]])-(Table14[[#This Row],[ISSUES]]+Table14[[#This Row],[EXCHANGED]]+Table14[[#This Row],[SALES]]) -> 7 | I48: 7 | J48: =+I48-H48 -> 0 | K48: =+'DAY1'!K48+'DAY2'!C48 -> 0 | L48: =+'DAY1'!L48+'DAY2'!D48 -> 0 | M48: =+'DAY1'!M48+'DAY2'!E48 -> 0 | N48: =+'DAY1'!N48+'DAY2'!F48 -> 0 | O48: =+'DAY1'!O48+'DAY2'!G48 -> 0 | P48: =+Table14[[#This Row],[RECEIPTS TO]]/1 -> 0 | Q48: =+Table14[[#This Row],[RETURNS ]]/1 -> 0 | R48: =+Table14[[#This Row],[EXCHANGED TO]]/1 -> 0 | S48: =+Table14[[#This Row],[SALES TO]]/1 -> 0 | T48: =+Table14[[#This Row],[ISSUES TO]]/1 -> 0 | U48: =IFERROR(+H48/(P48+Q48+R48+S48+T48),0) -> 0
A49: 30UM X 450 MM | B49: ='DAY1'!H49 -> 17.3 | C49: 0 | D49: 0 | E49: 0 | F49: 0 | G49: 0 | H49: =+(Table14[[#This Row],[OPENING ]]+Table14[[#This Row],[RECEIPTS]]+Table14[[#This Row],[RETURNS]])-(Table14[[#This Row],[ISSUES]]+Table14[[#This Row],[EXCHANGED]]+Table14[[#This Row],[SALES]]) -> 17.3 | I49: 17.3 | J49: =+I49-H49 -> 0 | K49: =+'DAY1'!K49+'DAY2'!C49 -> 0 | L49: =+'DAY1'!L49+'DAY2'!D49 -> 0 | M49: =+'DAY1'!M49+'DAY2'!E49 -> 0 | N49: =+'DAY1'!N49+'DAY2'!F49 -> 0 | O49: =+'DAY1'!O49+'DAY2'!G49 -> 0 | P49: =+Table14[[#This Row],[RECEIPTS TO]]/1 -> 0 | Q49: =+Table14[[#This Row],[RETURNS ]]/1 -> 0 | R49: =+Table14[[#This Row],[EXCHANGED TO]]/1 -> 0 | S49: =+Table14[[#This Row],[SALES TO]]/1 -> 0 | T49: =+Table14[[#This Row],[ISSUES TO]]/1 -> 0 | U49: =IFERROR(+H49/(P49+Q49+R49+S49+T49),0) -> 0
A50: 30UM X 480 MM | B50: ='DAY1'!H50 -> 540.5 | C50: 0 | D50: 0 | E50: 0 | F50: 0 | G50: 0 | H50: =+(Table14[[#This Row],[OPENING ]]+Table14[[#This Row],[RECEIPTS]]+Table14[[#This Row],[RETURNS]])-(Table14[[#This Row],[ISSUES]]+Table14[[#This Row],[EXCHANGED]]+Table14[[#This Row],[SALES]]) -> 540.5 | I50: 540.5 | J50: =+I50-H50 -> 0 | K50: =+'DAY1'!K50+'DAY2'!C50 -> 0 | L50: =+'DAY1'!L50+'DAY2'!D50 -> 0 | M50: =+'DAY1'!M50+'DAY2'!E50 -> 0 | N50: =+'DAY1'!N50+'DAY2'!F50 -> 0 | O50: =+'DAY1'!O50+'DAY2'!G50 -> 0 | P50: =+Table14[[#This Row],[RECEIPTS TO]]/1 -> 0 | Q50: =+Table14[[#This Row],[RETURNS ]]/1 -> 0 | R50: =+Table14[[#This Row],[EXCHANGED TO]]/1 -> 0 | S50: =+Table14[[#This Row],[SALES TO]]/1 -> 0 | T50: =+Table14[[#This Row],[ISSUES TO]]/1 -> 0 | U50: =IFERROR(+H50/(P50+Q50+R50+S50+T50),0) -> 0
A51: 30UM X 490 MM | B51: ='DAY1'!H51 -> 0 | C51: 0 | D51: 0 | E51: 0 | F51: 0 | G51: 0 | H51: =+(Table14[[#This Row],[OPENING ]]+Table14[[#This Row],[RECEIPTS]]+Table14[[#This Row],[RETURNS]])-(Table14[[#This Row],[ISSUES]]+Table14[[#This Row],[EXCHANGED]]+Table14[[#This Row],[SALES]]) -> 0 | J51: =+I51-H51 -> 0 | K51: =+'DAY1'!K51+'DAY2'!C51 -> 0 | L51: =+'DAY1'!L51+'DAY2'!D51 -> 0 | M51: =+'DAY1'!M51+'DAY2'!E51 -> 0 | N51: =+'DAY1'!N51+'DAY2'!F51 -> 0 | O51: =+'DAY1'!O51+'DAY2'!G51 -> 0 | P51: =+Table14[[#This Row],[RECEIPTS TO]]/1 -> 0 | Q51: =+Table14[[#This Row],[RETURNS ]]/1 -> 0 | R51: =+Table14[[#This Row],[EXCHANGED TO]]/1 -> 0 | S51: =+Table14[[#This Row],[SALES TO]]/1 -> 0 | T51: =+Table14[[#This Row],[ISSUES TO]]/1 -> 0 | U51: =IFERROR(+H51/(P51+Q51+R51+S51+T51),0) -> 0
A52: 30UM X 560 MM | B52: ='DAY1'!H52 -> 0 | C52: 0 | D52: 0 | E52: 0 | F52: 0 | G52: 0 | H52: =+(Table14[[#This Row],[OPENING ]]+Table14[[#This Row],[RECEIPTS]]+Table14[[#This Row],[RETURNS]])-(Table14[[#This Row],[ISSUES]]+Table14[[#This Row],[EXCHANGED]]+Table14[[#This Row],[SALES]]) -> 0 | J52: =+I52-H52 -> 0 | K52: =+'DAY1'!K52+'DAY2'!C52 -> 0 | L52: =+'DAY1'!L52+'DAY2'!D52 -> 0 | M52: =+'DAY1'!M52+'DAY2'!E52 -> 0 | N52: =+'DAY1'!N52+'DAY2'!F52 -> 0 | O52: =+'DAY1'!O52+'DAY2'!G52 -> 0 | P52: =+Table14[[#This Row],[RECEIPTS TO]]/1 -> 0 | Q52: =+Table14[[#This Row],[RETURNS ]]/1 -> 0 | R52: =+Table14[[#This Row],[EXCHANGED TO]]/1 -> 0 | S52: =+Table14[[#This Row],[SALES TO]]/1 -> 0 | T52: =+Table14[[#This Row],[ISSUES TO]]/1 -> 0 | U52: =IFERROR(+H52/(P52+Q52+R52+S52+T52),0) -> 0
A53: 30UM X 665 MM | B53: ='DAY1'!H53 -> 0 | C53: 0 | D53: 0 | E53: 0 | F53: 0 | G53: 0 | H53: =+(Table14[[#This Row],[OPENING ]]+Table14[[#This Row],[RECEIPTS]]+Table14[[#This Row],[RETURNS]])-(Table14[[#This Row],[ISSUES]]+Table14[[#This Row],[EXCHANGED]]+Table14[[#This Row],[SALES]]) -> 0 | J53: =+I53-H53 -> 0 | K53: =+'DAY1'!K53+'DAY2'!C53 -> 0 | L53: =+'DAY1'!L53+'DAY2'!D53 -> 0 | M53: =+'DAY1'!M53+'DAY2'!E53 -> 0 | N53: =+'DAY1'!N53+'DAY2'!F53 -> 0 | O53: =+'DAY1'!O53+'DAY2'!G53 -> 0 | P53: =+Table14[[#This Row],[RECEIPTS TO]]/1 -> 0 | Q53: =+Table14[[#This Row],[RETURNS ]]/1 -> 0 | R53: =+Table14[[#This Row],[EXCHANGED TO]]/1 -> 0 | S53: =+Table14[[#This Row],[SALES TO]]/1 -> 0 | T53: =+Table14[[#This Row],[ISSUES TO]]/1 -> 0 | U53: =IFERROR(+H53/(P53+Q53+R53+S53+T53),0) -> 0
A54: 30UM X 675 MM | B54: ='DAY1'!H54 -> 0 | C54: 0 | D54: 0 | E54: 0 | F54: 0 | G54: 0 | H54: =+(Table14[[#This Row],[OPENING ]]+Table14[[#This Row],[RECEIPTS]]+Table14[[#This Row],[RETURNS]])-(Table14[[#This Row],[ISSUES]]+Table14[[#This Row],[EXCHANGED]]+Table14[[#This Row],[SALES]]) -> 0 | J54: =+I54-H54 -> 0 | K54: =+'DAY1'!K54+'DAY2'!C54 -> 0 | L54: =+'DAY1'!L54+'DAY2'!D54 -> 0 | M54: =+'DAY1'!M54+'DAY2'!E54 -> 0 | N54: =+'DAY1'!N54+'DAY2'!F54 -> 0 | O54: =+'DAY1'!O54+'DAY2'!G54 -> 0 | P54: =+Table14[[#This Row],[RECEIPTS TO]]/1 -> 0 | Q54: =+Table14[[#This Row],[RETURNS ]]/1 -> 0 | R54: =+Table14[[#This Row],[EXCHANGED TO]]/1 -> 0 | S54: =+Table14[[#This Row],[SALES TO]]/1 -> 0 | T54: =+Table14[[#This Row],[ISSUES TO]]/1 -> 0 | U54: =IFERROR(+H54/(P54+Q54+R54+S54+T54),0) -> 0
A55: 30UM X 670 MM SRF | B55: ='DAY1'!H55 -> 676.3 | C55: 0 | D55: 0 | E55: 0 | F55: 0 | G55: 0 | H55: =+(Table14[[#This Row],[OPENING ]]+Table14[[#This Row],[RECEIPTS]]+Table14[[#This Row],[RETURNS]])-(Table14[[#This Row],[ISSUES]]+Table14[[#This Row],[EXCHANGED]]+Table14[[#This Row],[SALES]]) -> 676.3 | I55: 676.3 | J55: =+I55-H55 -> 0 | K55: =+'DAY1'!K55+'DAY2'!C55 -> 0 | L55: =+'DAY1'!L55+'DAY2'!D55 -> 0 | M55: =+'DAY1'!M55+'DAY2'!E55 -> 0 | N55: =+'DAY1'!N55+'DAY2'!F55 -> 0 | O55: =+'DAY1'!O55+'DAY2'!G55 -> 0 | P55: =+Table14[[#This Row],[RECEIPTS TO]]/1 -> 0 | Q55: =+Table14[[#This Row],[RETURNS ]]/1 -> 0 | R55: =+Table14[[#This Row],[EXCHANGED TO]]/1 -> 0 | S55: =+Table14[[#This Row],[SALES TO]]/1 -> 0 | T55: =+Table14[[#This Row],[ISSUES TO]]/1 -> 0 | U55: =IFERROR(+H55/(P55+Q55+R55+S55+T55),0) -> 0
A56: 30UM X 770 MM | B56: ='DAY1'!H56 -> 0 | C56: 0 | D56: 0 | E56: 0 | F56: 0 | G56: 0 | H56: =+(Table14[[#This Row],[OPENING ]]+Table14[[#This Row],[RECEIPTS]]+Table14[[#This Row],[RETURNS]])-(Table14[[#This Row],[ISSUES]]+Table14[[#This Row],[EXCHANGED]]+Table14[[#This Row],[SALES]]) -> 0 | J56: =+I56-H56 -> 0 | K56: =+'DAY1'!K56+'DAY2'!C56 -> 0 | L56: =+'DAY1'!L56+'DAY2'!D56 -> 0 | M56: =+'DAY1'!M56+'DAY2'!E56 -> 0 | N56: =+'DAY1'!N56+'DAY2'!F56 -> 0 | O56: =+'DAY1'!O56+'DAY2'!G56 -> 0 | P56: =+Table14[[#This Row],[RECEIPTS TO]]/1 -> 0 | Q56: =+Table14[[#This Row],[RETURNS ]]/1 -> 0 | R56: =+Table14[[#This Row],[EXCHANGED TO]]/1 -> 0 | S56: =+Table14[[#This Row],[SALES TO]]/1 -> 0 | T56: =+Table14[[#This Row],[ISSUES TO]]/1 -> 0 | U56: =IFERROR(+H56/(P56+Q56+R56+S56+T56),0) -> 0
A57: 30UM X 680 MM | B57: ='DAY1'!H57 -> 0 | C57: 0 | D57: 0 | E57: 0 | F57: 0 | G57: 0 | H57: =+(Table14[[#This Row],[OPENING ]]+Table14[[#This Row],[RECEIPTS]]+Table14[[#This Row],[RETURNS]])-(Table14[[#This Row],[ISSUES]]+Table14[[#This Row],[EXCHANGED]]+Table14[[#This Row],[SALES]]) -> 0 | J57: =+I57-H57 -> 0 | K57: =+'DAY1'!K72+'DAY2'!C57 -> 0 | L57: =+'DAY1'!L72+'DAY2'!D57 -> 0 | M57: =+'DAY1'!M72+'DAY2'!E57 -> 0 | N57: =+'DAY1'!N72+'DAY2'!F57 -> 0 | O57: =+'DAY1'!O72+'DAY2'!G57 -> 0 | P57: =+Table14[[#This Row],[RECEIPTS TO]]/1 -> 0 | Q57: =+Table14[[#This Row],[RETURNS ]]/1 -> 0 | R57: =+Table14[[#This Row],[EXCHANGED TO]]/1 -> 0 | S57: =+Table14[[#This Row],[SALES TO]]/1 -> 0 | T57: =+Table14[[#This Row],[ISSUES TO]]/1 -> 0 | U57: =IFERROR(+H57/(P57+Q57+R57+S57+T57),0) -> 0
A58: 30UM X 1120 MM X L 9000 M | B58: ='DAY1'!H58 -> 0 | C58: 0 | D58: 0 | E58: 0 | F58: 0 | G58: 0 | H58: =+(Table14[[#This Row],[OPENING ]]+Table14[[#This Row],[RECEIPTS]]+Table14[[#This Row],[RETURNS]])-(Table14[[#This Row],[ISSUES]]+Table14[[#This Row],[EXCHANGED]]+Table14[[#This Row],[SALES]]) -> 0 | J58: =+I58-H58 -> 0 | K58: =+'DAY1'!K73+'DAY2'!C58 -> 0 | L58: =+'DAY1'!L73+'DAY2'!D58 -> 0 | M58: =+'DAY1'!M73+'DAY2'!E58 -> 0 | N58: =+'DAY1'!N73+'DAY2'!F58 -> 0 | O58: =+'DAY1'!O73+'DAY2'!G58 -> 0 | P58: =+Table14[[#This Row],[RECEIPTS TO]]/1 -> 0 | Q58: =+Table14[[#This Row],[RETURNS ]]/1 -> 0 | R58: =+Table14[[#This Row],[EXCHANGED TO]]/1 -> 0 | S58: =+Table14[[#This Row],[SALES TO]]/1 -> 0 | T58: =+Table14[[#This Row],[ISSUES TO]]/1 -> 0 | U58: =IFERROR(+H58/(P58+Q58+R58+S58+T58),0) -> 0
A59: 30UM X 1235 MM X L 9000 M | B59: ='DAY1'!H59 -> 0 | C59: 0 | D59: 0 | E59: 0 | F59: 0 | G59: 0 | H59: =+(Table14[[#This Row],[OPENING ]]+Table14[[#This Row],[RECEIPTS]]+Table14[[#This Row],[RETURNS]])-(Table14[[#This Row],[ISSUES]]+Table14[[#This Row],[EXCHANGED]]+Table14[[#This Row],[SALES]]) -> 0 | J59: =+I59-H59 -> 0 | K59: =+'DAY1'!K74+'DAY2'!C59 -> 0 | L59: =+'DAY1'!L74+'DAY2'!D59 -> 0 | M59: =+'DAY1'!M74+'DAY2'!E59 -> 0 | N59: =+'DAY1'!N74+'DAY2'!F59 -> 0 | O59: =+'DAY1'!O74+'DAY2'!G59 -> 0 | P59: =+Table14[[#This Row],[RECEIPTS TO]]/1 -> 0 | Q59: =+Table14[[#This Row],[RETURNS ]]/1 -> 0 | R59: =+Table14[[#This Row],[EXCHANGED TO]]/1 -> 0 | S59: =+Table14[[#This Row],[SALES TO]]/1 -> 0 | T59: =+Table14[[#This Row],[ISSUES TO]]/1 -> 0 | U59: =IFERROR(+H59/(P59+Q59+R59+S59+T59),0) -> 0
A60: 30UM X 1310 MM X L 9000 M | B60: ='DAY1'!H60 -> 0 | C60: 0 | D60: 0 | E60: 0 | F60: 0 | G60: 0 | H60: =+(Table14[[#This Row],[OPENING ]]+Table14[[#This Row],[RECEIPTS]]+Table14[[#This Row],[RETURNS]])-(Table14[[#This Row],[ISSUES]]+Table14[[#This Row],[EXCHANGED]]+Table14[[#This Row],[SALES]]) -> 0 | J60: =+I60-H60 -> 0 | K60: =+'DAY1'!K75+'DAY2'!C60 -> 0 | L60: =+'DAY1'!L75+'DAY2'!D60 -> 0 | M60: =+'DAY1'!M75+'DAY2'!E60 -> 0 | N60: =+'DAY1'!N75+'DAY2'!F60 -> 0 | O60: =+'DAY1'!O75+'DAY2'!G60 -> 0 | P60: =+Table14[[#This Row],[RECEIPTS TO]]/1 -> 0 | Q60: =+Table14[[#This Row],[RETURNS ]]/1 -> 0 | R60: =+Table14[[#This Row],[EXCHANGED TO]]/1 -> 0 | S60: =+Table14[[#This Row],[SALES TO]]/1 -> 0 | T60: =+Table14[[#This Row],[ISSUES TO]]/1 -> 0 | U60: =IFERROR(+H60/(P60+Q60+R60+S60+T60),0) -> 0
A61: 30UM X 1340 MM X L 9000 M | B61: ='DAY1'!H61 -> 0 | C61: 0 | D61: 0 | E61: 0 | F61: 0 | G61: 0 | H61: =+(Table14[[#This Row],[OPENING ]]+Table14[[#This Row],[RECEIPTS]]+Table14[[#This Row],[RETURNS]])-(Table14[[#This Row],[ISSUES]]+Table14[[#This Row],[EXCHANGED]]+Table14[[#This Row],[SALES]]) -> 0 | J61: =+I61-H61 -> 0 | K61: =+'DAY1'!K76+'DAY2'!C61 -> 0 | L61: =+'DAY1'!L76+'DAY2'!D61 -> 0 | M61: =+'DAY1'!M76+'DAY2'!E61 -> 0 | N61: =+'DAY1'!N76+'DAY2'!F61 -> 0 | O61: =+'DAY1'!O76+'DAY2'!G61 -> 0 | P61: =+Table14[[#This Row],[RECEIPTS TO]]/1 -> 0 | Q61: =+Table14[[#This Row],[RETURNS ]]/1 -> 0 | R61: =+Table14[[#This Row],[EXCHANGED TO]]/1 -> 0 | S61: =+Table14[[#This Row],[SALES TO]]/1 -> 0 | T61: =+Table14[[#This Row],[ISSUES TO]]/1 -> 0 | U61: =IFERROR(+H61/(P61+Q61+R61+S61+T61),0) -> 0
A62: 30UM X 1370 MM X L 9000 M | B62: ='DAY1'!H62 -> 0 | C62: 0 | D62: 0 | E62: 0 | F62: 0 | G62: 0 | H62: =+(Table14[[#This Row],[OPENING ]]+Table14[[#This Row],[RECEIPTS]]+Table14[[#This Row],[RETURNS]])-(Table14[[#This Row],[ISSUES]]+Table14[[#This Row],[EXCHANGED]]+Table14[[#This Row],[SALES]]) -> 0 | J62: =+I62-H62 -> 0 | K62: =+'DAY1'!K77+'DAY2'!C62 -> 0 | L62: =+'DAY1'!L77+'DAY2'!D62 -> 0 | M62: =+'DAY1'!M77+'DAY2'!E62 -> 0 | N62: =+'DAY1'!N77+'DAY2'!F62 -> 0 | O62: =+'DAY1'!O77+'DAY2'!G62 -> 0 | P62: =+Table14[[#This Row],[RECEIPTS TO]]/1 -> 0 | Q62: =+Table14[[#This Row],[RETURNS ]]/1 -> 0 | R62: =+Table14[[#This Row],[EXCHANGED TO]]/1 -> 0 | S62: =+Table14[[#This Row],[SALES TO]]/1 -> 0 | T62: =+Table14[[#This Row],[ISSUES TO]]/1 -> 0 | U62: =IFERROR(+H62/(P62+Q62+R62+S62+T62),0) -> 0
A63: 30UM X 860 MM | B63: ='DAY1'!H63 -> 0 | C63: 0 | D63: 0 | E63: 0 | F63: 0 | G63: 0 | H63: =+(Table14[[#This Row],[OPENING ]]+Table14[[#This Row],[RECEIPTS]]+Table14[[#This Row],[RETURNS]])-(Table14[[#This Row],[ISSUES]]+Table14[[#This Row],[EXCHANGED]]+Table14[[#This Row],[SALES]]) -> 0 | J63: =+I63-H63 -> 0 | K63: =+'DAY1'!K78+'DAY2'!C63 -> 0 | L63: =+'DAY1'!L78+'DAY2'!D63 -> 0 | M63: =+'DAY1'!M78+'DAY2'!E63 -> 0 | N63: =+'DAY1'!N78+'DAY2'!F63 -> 0 | O63: =+'DAY1'!O78+'DAY2'!G63 -> 0 | P63: =+Table14[[#This Row],[RECEIPTS TO]]/1 -> 0 | Q63: =+Table14[[#This Row],[RETURNS ]]/1 -> 0 | R63: =+Table14[[#This Row],[EXCHANGED TO]]/1 -> 0 | S63: =+Table14[[#This Row],[SALES TO]]/1 -> 0 | T63: =+Table14[[#This Row],[ISSUES TO]]/1 -> 0 | U63: =IFERROR(+H63/(P63+Q63+R63+S63+T63),0) -> 0
A64: 30UM X 500 MM | B64: ='DAY1'!H64 -> 0 | C64: 0 | D64: 0 | E64: 0 | F64: 0 | G64: 0 | H64: =+(Table14[[#This Row],[OPENING ]]+Table14[[#This Row],[RECEIPTS]]+Table14[[#This Row],[RETURNS]])-(Table14[[#This Row],[ISSUES]]+Table14[[#This Row],[EXCHANGED]]+Table14[[#This Row],[SALES]]) -> 0 | J64: =+I64-H64 -> 0 | K64: =+'DAY1'!K79+'DAY2'!C64 -> 0 | L64: =+'DAY1'!L79+'DAY2'!D64 -> 0 | M64: =+'DAY1'!M79+'DAY2'!E64 -> 0 | N64: =+'DAY1'!N79+'DAY2'!F64 -> 0 | O64: =+'DAY1'!O79+'DAY2'!G64 -> 0 | P64: =+Table14[[#This Row],[RECEIPTS TO]]/1 -> 0 | Q64: =+Table14[[#This Row],[RETURNS ]]/1 -> 0 | R64: =+Table14[[#This Row],[EXCHANGED TO]]/1 -> 0 | S64: =+Table14[[#This Row],[SALES TO]]/1 -> 0 | T64: =+Table14[[#This Row],[ISSUES TO]]/1 -> 0 | U64: =IFERROR(+H64/(P64+Q64+R64+S64+T64),0) -> 0
A65: 30UM X 485 MM | B65: ='DAY1'!H65 -> 0 | C65: 0 | D65: 0 | E65: 0 | F65: 0 | G65: 0 | H65: =+(Table14[[#This Row],[OPENING ]]+Table14[[#This Row],[RECEIPTS]]+Table14[[#This Row],[RETURNS]])-(Table14[[#This Row],[ISSUES]]+Table14[[#This Row],[EXCHANGED]]+Table14[[#This Row],[SALES]]) -> 0 | J65: =+I65-H65 -> 0 | K65: =+'DAY1'!K80+'DAY2'!C65 -> 0 | L65: =+'DAY1'!L80+'DAY2'!D65 -> 0 | M65: =+'DAY1'!M80+'DAY2'!E65 -> 0 | N65: =+'DAY1'!N80+'DAY2'!F65 -> 0 | O65: =+'DAY1'!O80+'DAY2'!G65 -> 0 | P65: =+Table14[[#This Row],[RECEIPTS TO]]/1 -> 0 | Q65: =+Table14[[#This Row],[RETURNS ]]/1 -> 0 | R65: =+Table14[[#This Row],[EXCHANGED TO]]/1 -> 0 | S65: =+Table14[[#This Row],[SALES TO]]/1 -> 0 | T65: =+Table14[[#This Row],[ISSUES TO]]/1 -> 0 | U65: =IFERROR(+H65/(P65+Q65+R65+S65+T65),0) -> 0
A66: 30UM X 570 MM | B66: ='DAY1'!H66 -> 2006.84 | C66: 0 | D66: 0 | E66: 0 | F66: 0 | G66: 0 | H66: =+(Table14[[#This Row],[OPENING ]]+Table14[[#This Row],[RECEIPTS]]+Table14[[#This Row],[RETURNS]])-(Table14[[#This Row],[ISSUES]]+Table14[[#This Row],[EXCHANGED]]+Table14[[#This Row],[SALES]]) -> 2006.84 | I66: 2006.84 | J66: =+I66-H66 -> 0 | K66: =+'DAY1'!K81+'DAY2'!C66 -> 0 | L66: =+'DAY1'!L81+'DAY2'!D66 -> 0 | M66: =+'DAY1'!M81+'DAY2'!E66 -> 0 | N66: =+'DAY1'!N81+'DAY2'!F66 -> 0 | O66: =+'DAY1'!O81+'DAY2'!G66 -> 0 | P66: =+Table14[[#This Row],[RECEIPTS TO]]/1 -> 0 | Q66: =+Table14[[#This Row],[RETURNS ]]/1 -> 0 | R66: =+Table14[[#This Row],[EXCHANGED TO]]/1 -> 0 | S66: =+Table14[[#This Row],[SALES TO]]/1 -> 0 | T66: =+Table14[[#This Row],[ISSUES TO]]/1 -> 0 | U66: =IFERROR(+H66/(P66+Q66+R66+S66+T66),0) -> 0
A67: 30UM X 800 MM | B67: ='DAY1'!H67 -> 0 | C67: 0 | D67: 0 | E67: 0 | F67: 0 | G67: 0 | H67: =+(Table14[[#This Row],[OPENING ]]+Table14[[#This Row],[RECEIPTS]]+Table14[[#This Row],[RETURNS]])-(Table14[[#This Row],[ISSUES]]+Table14[[#This Row],[EXCHANGED]]+Table14[[#This Row],[SALES]]) -> 0 | J67: =+I67-H67 -> 0 | K67: =+'DAY1'!K82+'DAY2'!C67 -> 0 | L67: =+'DAY1'!L82+'DAY2'!D67 -> 0 | M67: =+'DAY1'!M82+'DAY2'!E67 -> 0 | N67: =+'DAY1'!N82+'DAY2'!F67 -> 0 | O67: =+'DAY1'!O82+'DAY2'!G67 -> 0 | P67: =+Table14[[#This Row],[RECEIPTS TO]]/1 -> 0 | Q67: =+Table14[[#This Row],[RETURNS ]]/1 -> 0 | R67: =+Table14[[#This Row],[EXCHANGED TO]]/1 -> 0 | S67: =+Table14[[#This Row],[SALES TO]]/1 -> 0 | T67: =+Table14[[#This Row],[ISSUES TO]]/1 -> 0 | U67: =IFERROR(+H67/(P67+Q67+R67+S67+T67),0) -> 0
A68: 3OUM X 210 MM | B68: ='DAY1'!H68 -> 150.3 | C68: 0 | D68: 0 | E68: 0 | F68: 0 | G68: 0 | H68: =+(Table14[[#This Row],[OPENING ]]+Table14[[#This Row],[RECEIPTS]]+Table14[[#This Row],[RETURNS]])-(Table14[[#This Row],[ISSUES]]+Table14[[#This Row],[EXCHANGED]]+Table14[[#This Row],[SALES]]) -> 150.3 | I68: 150.3 | J68: =+I68-H68 -> 0 | K68: =+'DAY1'!K83+'DAY2'!C68 -> 0 | L68: =+'DAY1'!L83+'DAY2'!D68 -> 0 | M68: =+'DAY1'!M83+'DAY2'!E68 -> 0 | N68: =+'DAY1'!N83+'DAY2'!F68 -> 0 | O68: =+'DAY1'!O83+'DAY2'!G68 -> 0 | P68: =+Table14[[#This Row],[RECEIPTS TO]]/1 -> 0 | Q68: =+Table14[[#This Row],[RETURNS ]]/1 -> 0 | R68: =+Table14[[#This Row],[EXCHANGED TO]]/1 -> 0 | S68: =+Table14[[#This Row],[SALES TO]]/1 -> 0 | T68: =+Table14[[#This Row],[ISSUES TO]]/1 -> 0 | U68: =IFERROR(+H68/(P68+Q68+R68+S68+T68),0) -> 0
A69: 30UM X 880 MM COOL CYCLONE | B69: ='DAY1'!H69 -> 0 | C69: 0 | D69: 0 | E69: 0 | F69: 0 | G69: 0 | H69: =+(Table14[[#This Row],[OPENING ]]+Table14[[#This Row],[RECEIPTS]]+Table14[[#This Row],[RETURNS]])-(Table14[[#This Row],[ISSUES]]+Table14[[#This Row],[EXCHANGED]]+Table14[[#This Row],[SALES]]) -> 0 | J69: =+I69-H69 -> 0 | K69: =+'DAY1'!K84+'DAY2'!C69 -> 0 | L69: =+'DAY1'!L84+'DAY2'!D69 -> 0 | M69: =+'DAY1'!M84+'DAY2'!E69 -> 0 | N69: =+'DAY1'!N84+'DAY2'!F69 -> 0 | O69: =+'DAY1'!O84+'DAY2'!G69 -> 0 | P69: =+Table14[[#This Row],[RECEIPTS TO]]/1 -> 0 | Q69: =+Table14[[#This Row],[RETURNS ]]/1 -> 0 | R69: =+Table14[[#This Row],[EXCHANGED TO]]/1 -> 0 | S69: =+Table14[[#This Row],[SALES TO]]/1 -> 0 | T69: =+Table14[[#This Row],[ISSUES TO]]/1 -> 0 | U69: =IFERROR(+H69/(P69+Q69+R69+S69+T69),0) -> 0
A70: 30UM X 520 MM COOL CYCLONE | B70: ='DAY1'!H70 -> 0 | C70: 0 | D70: 0 | E70: 0 | F70: 0 | G70: 0 | H70: =+(Table14[[#This Row],[OPENING ]]+Table14[[#This Row],[RECEIPTS]]+Table14[[#This Row],[RETURNS]])-(Table14[[#This Row],[ISSUES]]+Table14[[#This Row],[EXCHANGED]]+Table14[[#This Row],[SALES]]) -> 0 | J70: =+I70-H70 -> 0 | K70: =+'DAY1'!K85+'DAY2'!C70 -> 0 | L70: =+'DAY1'!L85+'DAY2'!D70 -> 0 | M70: =+'DAY1'!M85+'DAY2'!E70 -> 0 | N70: =+'DAY1'!N85+'DAY2'!F70 -> 0 | O70: =+'DAY1'!O85+'DAY2'!G70 -> 0 | P70: =+Table14[[#This Row],[RECEIPTS TO]]/1 -> 0 | Q70: =+Table14[[#This Row],[RETURNS ]]/1 -> 0 | R70: =+Table14[[#This Row],[EXCHANGED TO]]/1 -> 0 | S70: =+Table14[[#This Row],[SALES TO]]/1 -> 0 | T70: =+Table14[[#This Row],[ISSUES TO]]/1 -> 0 | U70: =IFERROR(+H70/(P70+Q70+R70+S70+T70),0) -> 0
A71: 30UM X 660 MM COOL CYCLONE | B71: ='DAY1'!H71 -> 187.6 | C71: 0 | D71: 0 | E71: 0 | F71: 0 | G71: 0 | H71: =+(Table14[[#This Row],[OPENING ]]+Table14[[#This Row],[RECEIPTS]]+Table14[[#This Row],[RETURNS]])-(Table14[[#This Row],[ISSUES]]+Table14[[#This Row],[EXCHANGED]]+Table14[[#This Row],[SALES]]) -> 187.6 | I71: 187.6 | J71: =+I71-H71 -> 0 | K71: =+'DAY1'!K86+'DAY2'!C71 -> 0 | L71: =+'DAY1'!L86+'DAY2'!D71 -> 0 | M71: =+'DAY1'!M86+'DAY2'!E71 -> 0 | N71: =+'DAY1'!N86+'DAY2'!F71 -> 0 | O71: =+'DAY1'!O86+'DAY2'!G71 -> 0 | P71: =+Table14[[#This Row],[RECEIPTS TO]]/1 -> 0 | Q71: =+Table14[[#This Row],[RETURNS ]]/1 -> 0 | R71: =+Table14[[#This Row],[EXCHANGED TO]]/1 -> 0 | S71: =+Table14[[#This Row],[SALES TO]]/1 -> 0 | T71: =+Table14[[#This Row],[ISSUES TO]]/1 -> 0 | U71: =IFERROR(+H71/(P71+Q71+R71+S71+T71),0) -> 0
A72: 30UM X 900 MM SRF | B72: ='DAY1'!H72 -> 1730 | C72: 0 | D72: 0 | E72: 0 | F72: 0 | G72: 0 | H72: =+(Table14[[#This Row],[OPENING ]]+Table14[[#This Row],[RECEIPTS]]+Table14[[#This Row],[RETURNS]])-(Table14[[#This Row],[ISSUES]]+Table14[[#This Row],[EXCHANGED]]+Table14[[#This Row],[SALES]]) -> 1730 | I72: 1730 | J72: =+I72-H72 -> 0 | K72: =+'DAY1'!K87+'DAY2'!C72 -> 0 | L72: =+'DAY1'!L87+'DAY2'!D72 -> 0 | M72: =+'DAY1'!M87+'DAY2'!E72 -> 0 | N72: =+'DAY1'!N87+'DAY2'!F72 -> 0 | O72: =+'DAY1'!O87+'DAY2'!G72 -> 0 | P72: =+Table14[[#This Row],[RECEIPTS TO]]/1 -> 0 | Q72: =+Table14[[#This Row],[RETURNS ]]/1 -> 0 | R72: =+Table14[[#This Row],[EXCHANGED TO]]/1 -> 0 | S72: =+Table14[[#This Row],[SALES TO]]/1 -> 0 | T72: =+Table14[[#This Row],[ISSUES TO]]/1 -> 0 | U72: =IFERROR(+H72/(P72+Q72+R72+S72+T72),0) -> 0
A73: TOTAL CLEAR BOPP | B73: =SUM(B41:B72) -> 6527.54 | C73: =SUM(C41:C72) -> 0 | D73: =SUM(D41:D72) -> 0 | E73: =SUM(E41:E72) -> 0 | F73: =SUM(F41:F72) -> 0 | G73: =SUM(G41:G72) -> 0 | H73: =SUM(H41:H72) -> 6527.54 | I73: =SUM(I41:I72) -> 6527.54 | ... U73: =SUM(U41:U72) -> 0
A75: HEAT SEALABLE METALISED BOPP FILM TREATED
A76: 20UM X 710 MM X 14800 M | B76: ='DAY1'!H76 -> 1267.34 | C76: 0 | D76: 0 | E76: 0 | F76: 0 | G76: 0 | H76: =+(Table14[[#This Row],[OPENING ]]+Table14[[#This Row],[RECEIPTS]]+Table14[[#This Row],[RETURNS]])-(Table14[[#This Row],[ISSUES]]+Table14[[#This Row],[EXCHANGED]]+Table14[[#This Row],[SALES]]) -> 1267.34 | I76: 1267.34 | J76: =+I76-H76 -> 0 | K76: =+'DAY1'!K76+'DAY2'!C76 -> 0 | L76: =+'DAY1'!L76+'DAY2'!D76 -> 0 | M76: =+'DAY1'!M76+'DAY2'!E76 -> 0 | N76: =+'DAY1'!N76+'DAY2'!F76 -> 0 | O76: =+'DAY1'!O76+'DAY2'!G76 -> 0 | P76: =+Table14[[#This Row],[RECEIPTS TO]]/1 -> 0 | Q76: =+Table14[[#This Row],[RETURNS ]]/1 -> 0 | R76: =+Table14[[#This Row],[EXCHANGED TO]]/1 -> 0 | S76: =+Table14[[#This Row],[SALES TO]]/1 -> 0 | T76: =+Table14[[#This Row],[ISSUES TO]]/1 -> 0 | U76: =IFERROR(+H76/(P76+Q76+R76+S76+T76),0) -> 0
A77: 700*20 METALISED BOPP | B77: ='DAY1'!H77 -> 96.1 | C77: 0 | D77: 0 | E77: 0 | F77: 0 | G77: 0 | H77: =+(Table14[[#This Row],[OPENING ]]+Table14[[#This Row],[RECEIPTS]]+Table14[[#This Row],[RETURNS]])-(Table14[[#This Row],[ISSUES]]+Table14[[#This Row],[EXCHANGED]]+Table14[[#This Row],[SALES]]) -> 96.1 | I77: 96.1 | J77: =+I77-H77 -> 0 | K77: =+'DAY1'!K77+'DAY2'!C77 -> 0 | L77: =+'DAY1'!L77+'DAY2'!D77 -> 0 | M77: =+'DAY1'!M77+'DAY2'!E77 -> 0 | N77: =+'DAY1'!N77+'DAY2'!F77 -> 0 | O77: =+'DAY1'!O77+'DAY2'!G77 -> 0 | P77: =+Table14[[#This Row],[RECEIPTS TO]]/1 -> 0 | Q77: =+Table14[[#This Row],[RETURNS ]]/1 -> 0 | R77: =+Table14[[#This Row],[EXCHANGED TO]]/1 -> 0 | S77: =+Table14[[#This Row],[SALES TO]]/1 -> 0 | T77: =+Table14[[#This Row],[ISSUES TO]]/1 -> 0 | U77: =IFERROR(+H77/(P77+Q77+R77+S77+T77),0) -> 0
A78: 800*20 METALISED BOPP | B78: ='DAY1'!H78 -> 0 | C78: 0 | D78: 0 | E78: 0 | F78: 0 | G78: 0 | H78: =+(Table14[[#This Row],[OPENING ]]+Table14[[#This Row],[RECEIPTS]]+Table14[[#This Row],[RETURNS]])-(Table14[[#This Row],[ISSUES]]+Table14[[#This Row],[EXCHANGED]]+Table14[[#This Row],[SALES]]) -> 0 | J78: =+I78-H78 -> 0 | K78: =+'DAY1'!K78+'DAY2'!C78 -> 0 | L78: =+'DAY1'!L78+'DAY2'!D78 -> 0 | M78: =+'DAY1'!M78+'DAY2'!E78 -> 0 | N78: =+'DAY1'!N78+'DAY2'!F78 -> 0 | O78: =+'DAY1'!O78+'DAY2'!G78 -> 0 | P78: =+Table14[[#This Row],[RECEIPTS TO]]/1 -> 0 | Q78: =+Table14[[#This Row],[RETURNS ]]/1 -> 0 | R78: =+Table14[[#This Row],[EXCHANGED TO]]/1 -> 0 | S78: =+Table14[[#This Row],[SALES TO]]/1 -> 0 | T78: =+Table14[[#This Row],[ISSUES TO]]/1 -> 0 | U78: =IFERROR(+H78/(P78+Q78+R78+S78+T78),0) -> 0
A79: HEAT SEALABLE MATTE BOPP FILM TREATED OUTSIDE /HAZE- 75 | B79: ='DAY1'!H79 -> 0 | C79: 0 | D79: 0 | E79: 0 | F79: 0 | G79: 0 | H79: =+(Table14[[#This Row],[OPENING ]]+Table14[[#This Row],[RECEIPTS]]+Table14[[#This Row],[RETURNS]])-(Table14[[#This Row],[ISSUES]]+Table14[[#This Row],[EXCHANGED]]+Table14[[#This Row],[SALES]]) -> 0 | J79: =+I79-H79 -> 0 | K79: =+'DAY1'!K79+'DAY2'!C79 -> 0 | L79: =+'DAY1'!L79+'DAY2'!D79 -> 0 | M79: =+'DAY1'!M79+'DAY2'!E79 -> 0 | N79: =+'DAY1'!N79+'DAY2'!F79 -> 0 | O79: =+'DAY1'!O79+'DAY2'!G79 -> 0 | P79: =+Table14[[#This Row],[RECEIPTS TO]]/1 -> 0 | Q79: =+Table14[[#This Row],[RETURNS ]]/1 -> 0 | R79: =+Table14[[#This Row],[EXCHANGED TO]]/1 -> 0 | S79: =+Table14[[#This Row],[SALES TO]]/1 -> 0 | T79: =+Table14[[#This Row],[ISSUES TO]]/1 -> 0 | U79: =IFERROR(+H79/(P79+Q79+R79+S79+T79),0) -> 0
A80: 20UM X 710 MM X 14800 M | B80: ='DAY1'!H80 -> 1289.14 | C80: 0 | D80: 0 | E80: 0 | F80: 0 | G80: 0 | H80: =+(Table14[[#This Row],[OPENING ]]+Table14[[#This Row],[RECEIPTS]]+Table14[[#This Row],[RETURNS]])-(Table14[[#This Row],[ISSUES]]+Table14[[#This Row],[EXCHANGED]]+Table14[[#This Row],[SALES]]) -> 1289.14 | I80: 1289.14 | J80: =+I80-H80 -> 0 | K80: =+'DAY1'!K80+'DAY2'!C80 -> 0 | L80: =+'DAY1'!L80+'DAY2'!D80 -> 0 | M80: =+'DAY1'!M80+'DAY2'!E80 -> 0 | N80: =+'DAY1'!N80+'DAY2'!F80 -> 0 | O80: =+'DAY1'!O80+'DAY2'!G80 -> 0 | P80: =+Table14[[#This Row],[RECEIPTS TO]]/1 -> 0 | Q80: =+Table14[[#This Row],[RETURNS ]]/1 -> 0 | R80: =+Table14[[#This Row],[EXCHANGED TO]]/1 -> 0 | S80: =+Table14[[#This Row],[SALES TO]]/1 -> 0 | T80: =+Table14[[#This Row],[ISSUES TO]]/1 -> 0 | U80: =IFERROR(+H80/(P80+Q80+R80+S80+T80),0) -> 0
A81: 700*20 MATTE BOPP | B81: ='DAY1'!H81 -> 64.75 | C81: 0 | D81: 0 | E81: 0 | F81: 0 | G81: 0 | H81: =+(Table14[[#This Row],[OPENING ]]+Table14[[#This Row],[RECEIPTS]]+Table14[[#This Row],[RETURNS]])-(Table14[[#This Row],[ISSUES]]+Table14[[#This Row],[EXCHANGED]]+Table14[[#This Row],[SALES]]) -> 64.75 | I81: 64.75 | J81: =+I81-H81 -> 0 | K81: =+'DAY1'!K81+'DAY2'!C81 -> 0 | L81: =+'DAY1'!L81+'DAY2'!D81 -> 0 | M81: =+'DAY1'!M81+'DAY2'!E81 -> 0 | N81: =+'DAY1'!N81+'DAY2'!F81 -> 0 | O81: =+'DAY1'!O81+'DAY2'!G81 -> 0 | P81: =+Table14[[#This Row],[RECEIPTS TO]]/1 -> 0 | Q81: =+Table14[[#This Row],[RETURNS ]]/1 -> 0 | R81: =+Table14[[#This Row],[EXCHANGED TO]]/1 -> 0 | S81: =+Table14[[#This Row],[SALES TO]]/1 -> 0 | T81: =+Table14[[#This Row],[ISSUES TO]]/1 -> 0 | U81: =IFERROR(+H81/(P81+Q81+R81+S81+T81),0) -> 0
A82: HEAT SEALABLE PEARLISED WHITE BOPP FILM- TREATED OUTSIDE | B82: ='DAY1'!H82 -> 0 | C82: 0 | D82: 0 | E82: 0 | F82: 0 | G82: 0 | H82: =+(Table14[[#This Row],[OPENING ]]+Table14[[#This Row],[RECEIPTS]]+Table14[[#This Row],[RETURNS]])-(Table14[[#This Row],[ISSUES]]+Table14[[#This Row],[EXCHANGED]]+Table14[[#This Row],[SALES]]) -> 0 | J82: =+I82-H82 -> 0 | K82: =+'DAY1'!K82+'DAY2'!C82 -> 0 | L82: =+'DAY1'!L82+'DAY2'!D82 -> 0 | M82: =+'DAY1'!M82+'DAY2'!E82 -> 0 | N82: =+'DAY1'!N82+'DAY2'!F82 -> 0 | O82: =+'DAY1'!O82+'DAY2'!G82 -> 0 | P82: =+Table14[[#This Row],[RECEIPTS TO]]/1 -> 0 | Q82: =+Table14[[#This Row],[RETURNS ]]/1 -> 0 | R82: =+Table14[[#This Row],[EXCHANGED TO]]/1 -> 0 | S82: =+Table14[[#This Row],[SALES TO]]/1 -> 0 | T82: =+Table14[[#This Row],[ISSUES TO]]/1 -> 0 | U82: =IFERROR(+H82/(P82+Q82+R82+S82+T82),0) -> 0
A83: 30UM X 520 MM X 4500 M | B83: ='DAY1'!H83 -> 497.9 | C83: 0 | D83: 0 | E83: 0 | F83: 0 | G83: 0 | H83: =+(Table14[[#This Row],[OPENING ]]+Table14[[#This Row],[RECEIPTS]]+Table14[[#This Row],[RETURNS]])-(Table14[[#This Row],[ISSUES]]+Table14[[#This Row],[EXCHANGED]]+Table14[[#This Row],[SALES]]) -> 497.9 | I83: 497.9 | J83: =+I83-H83 -> 0 | K83: =+'DAY1'!K83+'DAY2'!C83 -> 0 | L83: =+'DAY1'!L83+'DAY2'!D83 -> 0 | M83: =+'DAY1'!M83+'DAY2'!E83 -> 0 | N83: =+'DAY1'!N83+'DAY2'!F83 -> 0 | O83: =+'DAY1'!O83+'DAY2'!G83 -> 0 | P83: =+Table14[[#This Row],[RECEIPTS TO]]/1 -> 0 | Q83: =+Table14[[#This Row],[RETURNS ]]/1 -> 0 | R83: =+Table14[[#This Row],[EXCHANGED TO]]/1 -> 0 | S83: =+Table14[[#This Row],[SALES TO]]/1 -> 0 | T83: =+Table14[[#This Row],[ISSUES TO]]/1 -> 0 | U83: =IFERROR(+H83/(P83+Q83+R83+S83+T83),0) -> 0
A84: 30UM X 720 MM X 4500 M | B84: ='DAY1'!H84 -> 424.4 | C84: 0 | D84: 0 | E84: 0 | F84: 0 | G84: 0 | H84: =+(Table14[[#This Row],[OPENING ]]+Table14[[#This Row],[RECEIPTS]]+Table14[[#This Row],[RETURNS]])-(Table14[[#This Row],[ISSUES]]+Table14[[#This Row],[EXCHANGED]]+Table14[[#This Row],[SALES]]) -> 424.4 | I84: 424.4 | J84: =+I84-H84 -> 0 | K84: =+'DAY1'!K84+'DAY2'!C84 -> 0 | L84: =+'DAY1'!L84+'DAY2'!D84 -> 0 | M84: =+'DAY1'!M84+'DAY2'!E84 -> 0 | N84: =+'DAY1'!N84+'DAY2'!F84 -> 0 | O84: =+'DAY1'!O84+'DAY2'!G84 -> 0 | P84: =+Table14[[#This Row],[RECEIPTS TO]]/1 -> 0 | Q84: =+Table14[[#This Row],[RETURNS ]]/1 -> 0 | R84: =+Table14[[#This Row],[EXCHANGED TO]]/1 -> 0 | S84: =+Table14[[#This Row],[SALES TO]]/1 -> 0 | T84: =+Table14[[#This Row],[ISSUES TO]]/1 -> 0 | U84: =IFERROR(+H84/(P84+Q84+R84+S84+T84),0) -> 0
B85: ='DAY1'!H85 -> 0 | C85: 0 | D85: 0 | E85: 0 | F85: 0 | G85: 0 | H85: =+(Table14[[#This Row],[OPENING ]]+Table14[[#This Row],[RECEIPTS]]+Table14[[#This Row],[RETURNS]])-(Table14[[#This Row],[ISSUES]]+Table14[[#This Row],[EXCHANGED]]+Table14[[#This Row],[SALES]]) -> 0 | J85: =+I85-H85 -> 0 | K85: =+'DAY1'!K85+'DAY2'!C85 -> 0 | L85: =+'DAY1'!L85+'DAY2'!D85 -> 0 | M85: =+'DAY1'!M85+'DAY2'!E85 -> 0 | N85: =+'DAY1'!N85+'DAY2'!F85 -> 0 | O85: =+'DAY1'!O85+'DAY2'!G85 -> 0 | P85: =+Table14[[#This Row],[RECEIPTS TO]]/1 -> 0 | Q85: =+Table14[[#This Row],[RETURNS ]]/1 -> 0 | R85: =+Table14[[#This Row],[EXCHANGED TO]]/1 -> 0 | S85: =+Table14[[#This Row],[SALES TO]]/1 -> 0 | T85: =+Table14[[#This Row],[ISSUES TO]]/1 -> 0 | U85: =IFERROR(+H85/(P85+Q85+R85+S85+T85),0) -> 0
A86: 30UM X 900 MM WHITE BOPP | B86: ='DAY1'!H86 -> 263.8 | C86: 0 | D86: 0 | E86: 0 | F86: 0 | G86: 0 | H86: =+(Table14[[#This Row],[OPENING ]]+Table14[[#This Row],[RECEIPTS]]+Table14[[#This Row],[RETURNS]])-(Table14[[#This Row],[ISSUES]]+Table14[[#This Row],[EXCHANGED]]+Table14[[#This Row],[SALES]]) -> 263.8 | I86: 263.8 | J86: =+I86-H86 -> 0 | K86: =+'DAY1'!K86+'DAY2'!C86 -> 0 | L86: =+'DAY1'!L86+'DAY2'!D86 -> 0 | M86: =+'DAY1'!M86+'DAY2'!E86 -> 0 | N86: =+'DAY1'!N86+'DAY2'!F86 -> 0 | O86: =+'DAY1'!O86+'DAY2'!G86 -> 0 | P86: =+Table14[[#This Row],[RECEIPTS TO]]/1 -> 0 | Q86: =+Table14[[#This Row],[RETURNS ]]/1 -> 0 | R86: =+Table14[[#This Row],[EXCHANGED TO]]/1 -> 0 | S86: =+Table14[[#This Row],[SALES TO]]/1 -> 0 | T86: =+Table14[[#This Row],[ISSUES TO]]/1 -> 0 | U86: =IFERROR(+H86/(P86+Q86+R86+S86+T86),0) -> 0
B87: ='DAY1'!H87 -> 0 | C87: 0 | D87: 0 | E87: 0 | F87: 0 | G87: 0 | H87: =+(Table14[[#This Row],[OPENING ]]+Table14[[#This Row],[RECEIPTS]]+Table14[[#This Row],[RETURNS]])-(Table14[[#This Row],[ISSUES]]+Table14[[#This Row],[EXCHANGED]]+Table14[[#This Row],[SALES]]) -> 0 | J87: =+I87-H87 -> 0 | K87: =+'DAY1'!K87+'DAY2'!C87 -> 0 | L87: =+'DAY1'!L87+'DAY2'!D87 -> 0 | M87: =+'DAY1'!M87+'DAY2'!E87 -> 0 | N87: =+'DAY1'!N87+'DAY2'!F87 -> 0 | O87: =+'DAY1'!O87+'DAY2'!G87 -> 0 | P87: =+Table14[[#This Row],[RECEIPTS TO]]/1 -> 0 | Q87: =+Table14[[#This Row],[RETURNS ]]/1 -> 0 | R87: =+Table14[[#This Row],[EXCHANGED TO]]/1 -> 0 | S87: =+Table14[[#This Row],[SALES TO]]/1 -> 0 | T87: =+Table14[[#This Row],[ISSUES TO]]/1 -> 0 | U87: =IFERROR(+H87/(P87+Q87+R87+S87+T87),0) -> 0
B88: ='DAY1'!H88 -> 0 | C88: 0 | D88: 0 | E88: 0 | F88: 0 | G88: 0 | H88: =+(Table14[[#This Row],[OPENING ]]+Table14[[#This Row],[RECEIPTS]]+Table14[[#This Row],[RETURNS]])-(Table14[[#This Row],[ISSUES]]+Table14[[#This Row],[EXCHANGED]]+Table14[[#This Row],[SALES]]) -> 0 | J88: =+I88-H88 -> 0 | K88: =+'DAY1'!K88+'DAY2'!C88 -> 0 | L88: =+'DAY1'!L88+'DAY2'!D88 -> 0 | M88: =+'DAY1'!M88+'DAY2'!E88 -> 0 | N88: =+'DAY1'!N88+'DAY2'!F88 -> 0 | O88: =+'DAY1'!O88+'DAY2'!G88 -> 0 | P88: =+Table14[[#This Row],[RECEIPTS TO]]/1 -> 0 | Q88: =+Table14[[#This Row],[RETURNS ]]/1 -> 0 | R88: =+Table14[[#This Row],[EXCHANGED TO]]/1 -> 0 | S88: =+Table14[[#This Row],[SALES TO]]/1 -> 0 | T88: =+Table14[[#This Row],[ISSUES TO]]/1 -> 0 | U88: =IFERROR(+H88/(P88+Q88+R88+S88+T88),0) -> 0
A89: COOL CYCLONE 820 MM X 20 UM | B89: ='DAY1'!H89 -> 0 | C89: 0 | D89: 0 | E89: 0 | F89: 0 | G89: 0 | H89: =+(Table14[[#This Row],[OPENING ]]+Table14[[#This Row],[RECEIPTS]]+Table14[[#This Row],[RETURNS]])-(Table14[[#This Row],[ISSUES]]+Table14[[#This Row],[EXCHANGED]]+Table14[[#This Row],[SALES]]) -> 0 | J89: =+I89-H89 -> 0 | K89: =+'DAY1'!K89+'DAY2'!C89 -> 0 | L89: =+'DAY1'!L89+'DAY2'!D89 -> 0 | M89: =+'DAY1'!M89+'DAY2'!E89 -> 0 | N89: =+'DAY1'!N89+'DAY2'!F89 -> 0 | O89: =+'DAY1'!O89+'DAY2'!G89 -> 0 | P89: =+Table14[[#This Row],[RECEIPTS TO]]/1 -> 0 | Q89: =+Table14[[#This Row],[RETURNS ]]/1 -> 0 | R89: =+Table14[[#This Row],[EXCHANGED TO]]/1 -> 0 | S89: =+Table14[[#This Row],[SALES TO]]/1 -> 0 | T89: =+Table14[[#This Row],[ISSUES TO]]/1 -> 0 | U89: =IFERROR(+H89/(P89+Q89+R89+S89+T89),0) -> 0
B90: ='DAY1'!H90 -> 0 | C90: 0 | D90: 0 | E90: 0 | F90: 0 | G90: 0 | H90: =+(Table14[[#This Row],[OPENING ]]+Table14[[#This Row],[RECEIPTS]]+Table14[[#This Row],[RETURNS]])-(Table14[[#This Row],[ISSUES]]+Table14[[#This Row],[EXCHANGED]]+Table14[[#This Row],[SALES]]) -> 0 | J90: =+I90-H90 -> 0 | K90: =+'DAY1'!K90+'DAY2'!C90 -> 0 | L90: =+'DAY1'!L90+'DAY2'!D90 -> 0 | M90: =+'DAY1'!M90+'DAY2'!E90 -> 0 | N90: =+'DAY1'!N90+'DAY2'!F90 -> 0 | O90: =+'DAY1'!O90+'DAY2'!G90 -> 0 | P90: =+Table14[[#This Row],[RECEIPTS TO]]/1 -> 0 | Q90: =+Table14[[#This Row],[RETURNS ]]/1 -> 0 | R90: =+Table14[[#This Row],[EXCHANGED TO]]/1 -> 0 | S90: =+Table14[[#This Row],[SALES TO]]/1 -> 0 | T90: =+Table14[[#This Row],[ISSUES TO]]/1 -> 0 | U90: =IFERROR(+H90/(P90+Q90+R90+S90+T90),0) -> 0
A91: 20UM X 800 MM METALISED BOPP | B91: ='DAY1'!H91 -> 1264.64 | C91: 0 | D91: 138 | E91: 0 | F91: 0 | G91: 851.44 | H91: =+(Table14[[#This Row],[OPENING ]]+Table14[[#This Row],[RECEIPTS]]+Table14[[#This Row],[RETURNS]])-(Table14[[#This Row],[ISSUES]]+Table14[[#This Row],[EXCHANGED]]+Table14[[#This Row],[SALES]]) -> 551.2 | I91: 551.2 | J91: =+I91-H91 -> 0 | K91: =+'DAY1'!K91+'DAY2'!C91 -> 0 | L91: =+'DAY1'!L91+'DAY2'!D91 -> 138 | M91: =+'DAY1'!M91+'DAY2'!E91 -> 0 | N91: =+'DAY1'!N91+'DAY2'!F91 -> 0 | O91: =+'DAY1'!O91+'DAY2'!G91 -> 851.44 | P91: =+Table14[[#This Row],[RECEIPTS TO]]/1 -> 0 | Q91: =+Table14[[#This Row],[RETURNS ]]/1 -> 138 | R91: =+Table14[[#This Row],[EXCHANGED TO]]/1 -> 0 | S91: =+Table14[[#This Row],[SALES TO]]/1 -> 0 | T91: =+Table14[[#This Row],[ISSUES TO]]/1 -> 851.44 | U91: =IFERROR(+H91/(P91+Q91+R91+S91+T91),0) -> 0.55708279
A92: 20UM X 850 MM METALISED BOPP | B92: ='DAY1'!H92 -> 200.8 | C92: 0 | D92: 0 | E92: 0 | F92: 0 | G92: 0 | H92: =+(Table14[[#This Row],[OPENING ]]+Table14[[#This Row],[RECEIPTS]]+Table14[[#This Row],[RETURNS]])-(Table14[[#This Row],[ISSUES]]+Table14[[#This Row],[EXCHANGED]]+Table14[[#This Row],[SALES]]) -> 200.8 | I92: 200.8 | J92: =+I92-H92 -> 0 | K92: =+'DAY1'!K92+'DAY2'!C92 -> 0 | L92: =+'DAY1'!L92+'DAY2'!D92 -> 0 | M92: =+'DAY1'!M92+'DAY2'!E92 -> 0 | N92: =+'DAY1'!N92+'DAY2'!F92 -> 0 | O92: =+'DAY1'!O92+'DAY2'!G92 -> 0 | P92: =+Table14[[#This Row],[RECEIPTS TO]]/1 -> 0 | Q92: =+Table14[[#This Row],[RETURNS ]]/1 -> 0 | R92: =+Table14[[#This Row],[EXCHANGED TO]]/1 -> 0 | S92: =+Table14[[#This Row],[SALES TO]]/1 -> 0 | T92: =+Table14[[#This Row],[ISSUES TO]]/1 -> 0 | U92: =IFERROR(+H92/(P92+Q92+R92+S92+T92),0) -> 0
B93: ='DAY1'!H93 -> 0 | C93: 0 | D93: 0 | E93: 0 | F93: 0 | G93: 0 | H93: =+(Table14[[#This Row],[OPENING ]]+Table14[[#This Row],[RECEIPTS]]+Table14[[#This Row],[RETURNS]])-(Table14[[#This Row],[ISSUES]]+Table14[[#This Row],[EXCHANGED]]+Table14[[#This Row],[SALES]]) -> 0 | J93: =+I93-H93 -> 0 | K93: =+'DAY1'!K93+'DAY2'!C93 -> 0 | L93: =+'DAY1'!L93+'DAY2'!D93 -> 0 | M93: =+'DAY1'!M93+'DAY2'!E93 -> 0 | N93: =+'DAY1'!N93+'DAY2'!F93 -> 0 | O93: =+'DAY1'!O93+'DAY2'!G93 -> 0 | P93: =+Table14[[#This Row],[RECEIPTS TO]]/1 -> 0 | Q93: =+Table14[[#This Row],[RETURNS ]]/1 -> 0 | R93: =+Table14[[#This Row],[EXCHANGED TO]]/1 -> 0 | S93: =+Table14[[#This Row],[SALES TO]]/1 -> 0 | T93: =+Table14[[#This Row],[ISSUES TO]]/1 -> 0 | U93: =IFERROR(+H93/(P93+Q93+R93+S93+T93),0) -> 0
B94: ='DAY1'!H94 -> 0 | C94: 0 | D94: 0 | E94: 0 | F94: 0 | G94: 0 | H94: =+(Table14[[#This Row],[OPENING ]]+Table14[[#This Row],[RECEIPTS]]+Table14[[#This Row],[RETURNS]])-(Table14[[#This Row],[ISSUES]]+Table14[[#This Row],[EXCHANGED]]+Table14[[#This Row],[SALES]]) -> 0 | J94: =+I94-H94 -> 0 | K94: =+'DAY1'!K94+'DAY2'!C94 -> 0 | L94: =+'DAY1'!L94+'DAY2'!D94 -> 0 | M94: =+'DAY1'!M94+'DAY2'!E94 -> 0 | N94: =+'DAY1'!N94+'DAY2'!F94 -> 0 | O94: =+'DAY1'!O94+'DAY2'!G94 -> 0 | P94: =+Table14[[#This Row],[RECEIPTS TO]]/1 -> 0 | Q94: =+Table14[[#This Row],[RETURNS ]]/1 -> 0 | R94: =+Table14[[#This Row],[EXCHANGED TO]]/1 -> 0 | S94: =+Table14[[#This Row],[SALES TO]]/1 -> 0 | T94: =+Table14[[#This Row],[ISSUES TO]]/1 -> 0 | U94: =IFERROR(+H94/(P94+Q94+R94+S94+T94),0) -> 0
B95: ='DAY1'!H95 -> 0 | C95: 0 | D95: 0 | E95: 0 | F95: 0 | G95: 0 | H95: =+(Table14[[#This Row],[OPENING ]]+Table14[[#This Row],[RECEIPTS]]+Table14[[#This Row],[RETURNS]])-(Table14[[#This Row],[ISSUES]]+Table14[[#This Row],[EXCHANGED]]+Table14[[#This Row],[SALES]]) -> 0 | J95: =+I95-H95 -> 0 | K95: =+'DAY1'!K95+'DAY2'!C95 -> 0 | L95: =+'DAY1'!L95+'DAY2'!D95 -> 0 | M95: =+'DAY1'!M95+'DAY2'!E95 -> 0 | N95: =+'DAY1'!N95+'DAY2'!F95 -> 0 | O95: =+'DAY1'!O95+'DAY2'!G95 -> 0 | P95: =+Table14[[#This Row],[RECEIPTS TO]]/1 -> 0 | Q95: =+Table14[[#This Row],[RETURNS ]]/1 -> 0 | R95: =+Table14[[#This Row],[EXCHANGED TO]]/1 -> 0 | S95: =+Table14[[#This Row],[SALES TO]]/1 -> 0 | T95: =+Table14[[#This Row],[ISSUES TO]]/1 -> 0 | U95: =IFERROR(+H95/(P95+Q95+R95+S95+T95),0) -> 0
B96: ='DAY1'!H96 -> 0 | C96: 0 | D96: 0 | E96: 0 | F96: 0 | G96: 0 | H96: =+(Table14[[#This Row],[OPENING ]]+Table14[[#This Row],[RECEIPTS]]+Table14[[#This Row],[RETURNS]])-(Table14[[#This Row],[ISSUES]]+Table14[[#This Row],[EXCHANGED]]+Table14[[#This Row],[SALES]]) -> 0 | J96: =+I96-H96 -> 0 | K96: =+'DAY1'!K96+'DAY2'!C96 -> 0 | L96: =+'DAY1'!L96+'DAY2'!D96 -> 0 | M96: =+'DAY1'!M96+'DAY2'!E96 -> 0 | N96: =+'DAY1'!N96+'DAY2'!F96 -> 0 | O96: =+'DAY1'!O96+'DAY2'!G96 -> 0 | P96: =+Table14[[#This Row],[RECEIPTS TO]]/1 -> 0 | Q96: =+Table14[[#This Row],[RETURNS ]]/1 -> 0 | R96: =+Table14[[#This Row],[EXCHANGED TO]]/1 -> 0 | S96: =+Table14[[#This Row],[SALES TO]]/1 -> 0 | T96: =+Table14[[#This Row],[ISSUES TO]]/1 -> 0 | U96: =IFERROR(+H96/(P96+Q96+R96+S96+T96),0) -> 0
A97: PET FILM | G97: 0 | J97: =+I97-H97 -> 0 | K97: =+'DAY1'!K97+'DAY2'!C97 -> 0 | L97: =+'DAY1'!L97+'DAY2'!D97 -> 0
A98: NON HEAT SEALABLE 12 MIC/24000M PER ROLL POLYESTER CLEAR ONESIDE CHEMICAL COATED & THE OTHER SIDE IS CORONA TREATED | B98: ='DAY1'!H98 -> 0 | C98: 0 | D98: 0 | E98: 0 | F98: 0 | G98: 0 | H98: =+(Table14[[#This Row],[OPENING ]]+Table14[[#This Row],[RECEIPTS]]+Table14[[#This Row],[RETURNS]])-(Table14[[#This Row],[ISSUES]]+Table14[[#This Row],[EXCHANGED]]+Table14[[#This Row],[SALES]]) -> 0 | J98: =+I98-H98 -> 0 | K98: =+'DAY1'!K98+'DAY2'!C98 -> 0 | L98: =+'DAY1'!L98+'DAY2'!D98 -> 0 | M98: =+'DAY1'!M98+'DAY2'!E98 -> 0 | N98: =+'DAY1'!N98+'DAY2'!F98 -> 0 | O98: =+'DAY1'!O98+'DAY2'!G98 -> 0 | P98: =+Table14[[#This Row],[RECEIPTS TO]]/1 -> 0 | Q98: =+Table14[[#This Row],[RETURNS ]]/1 -> 0 | R98: =+Table14[[#This Row],[EXCHANGED TO]]/1 -> 0 | S98: =+Table14[[#This Row],[SALES TO]]/1 -> 0 | T98: =+Table14[[#This Row],[ISSUES TO]]/1 -> 0 | U98: =IFERROR(+H98/(P98+Q98+R98+S98+T98),0) -> 0
A99: OC/IR 800 MM (W) | B99: ='DAY1'!H99 -> 0 | C99: 0 | D99: 0 | E99: 0 | F99: 0 | G99: 0 | H99: =+(Table14[[#This Row],[OPENING ]]+Table14[[#This Row],[RECEIPTS]]+Table14[[#This Row],[RETURNS]])-(Table14[[#This Row],[ISSUES]]+Table14[[#This Row],[EXCHANGED]]+Table14[[#This Row],[SALES]]) -> 0 | J99: =+I99-H99 -> 0 | K99: =+'DAY1'!K99+'DAY2'!C99 -> 0 | L99: =+'DAY1'!L99+'DAY2'!D99 -> 0 | M99: =+'DAY1'!M99+'DAY2'!E99 -> 0 | N99: =+'DAY1'!N99+'DAY2'!F99 -> 0 | O99: =+'DAY1'!O99+'DAY2'!G99 -> 0 | P99: =+Table14[[#This Row],[RECEIPTS TO]]/1 -> 0 | Q99: =+Table14[[#This Row],[RETURNS ]]/1 -> 0 | R99: =+Table14[[#This Row],[EXCHANGED TO]]/1 -> 0 | S99: =+Table14[[#This Row],[SALES TO]]/1 -> 0 | T99: =+Table14[[#This Row],[ISSUES TO]]/1 -> 0 | U99: =IFERROR(+H99/(P99+Q99+R99+S99+T99),0) -> 0
A100: OC/IR 1150 MM (W) | B100: ='DAY1'!H100 -> 0 | C100: 0 | D100: 0 | E100: 0 | F100: 0 | G100: 0 | H100: =+(Table14[[#This Row],[OPENING ]]+Table14[[#This Row],[RECEIPTS]]+Table14[[#This Row],[RETURNS]])-(Table14[[#This Row],[ISSUES]]+Table14[[#This Row],[EXCHANGED]]+Table14[[#This Row],[SALES]]) -> 0 | J100: =+I100-H100 -> 0 | K100: =+'DAY1'!K100+'DAY2'!C100 -> 0 | L100: =+'DAY1'!L100+'DAY2'!D100 -> 0 | M100: =+'DAY1'!M100+'DAY2'!E100 -> 0 | N100: =+'DAY1'!N100+'DAY2'!F100 -> 0 | O100: =+'DAY1'!O100+'DAY2'!G100 -> 0 | P100: =+Table14[[#This Row],[RECEIPTS TO]]/1 -> 0 | Q100: =+Table14[[#This Row],[RETURNS ]]/1 -> 0 | R100: =+Table14[[#This Row],[EXCHANGED TO]]/1 -> 0 | S100: =+Table14[[#This Row],[SALES TO]]/1 -> 0 | T100: =+Table14[[#This Row],[ISSUES TO]]/1 -> 0 | U100: =IFERROR(+H100/(P100+Q100+R100+S100+T100),0) -> 0
B101: ='DAY1'!H101 -> 0 | C101: 0 | D101: 0 | E101: 0 | F101: 0 | G101: 0 | H101: =+(Table14[[#This Row],[OPENING ]]+Table14[[#This Row],[RECEIPTS]]+Table14[[#This Row],[RETURNS]])-(Table14[[#This Row],[ISSUES]]+Table14[[#This Row],[EXCHANGED]]+Table14[[#This Row],[SALES]]) -> 0 | J101: =+I101-H101 -> 0 | K101: =+'DAY1'!K101+'DAY2'!C101 -> 0 | L101: =+'DAY1'!L101+'DAY2'!D101 -> 0 | M101: =+'DAY1'!M101+'DAY2'!E101 -> 0 | N101: =+'DAY1'!N101+'DAY2'!F101 -> 0 | O101: =+'DAY1'!O101+'DAY2'!G101 -> 0 | P101: =+Table14[[#This Row],[RECEIPTS TO]]/1 -> 0 | Q101: =+Table14[[#This Row],[RETURNS ]]/1 -> 0 | R101: =+Table14[[#This Row],[EXCHANGED TO]]/1 -> 0 | S101: =+Table14[[#This Row],[SALES TO]]/1 -> 0 | T101: =+Table14[[#This Row],[ISSUES TO]]/1 -> 0 | U101: =IFERROR(+H101/(P101+Q101+R101+S101+T101),0) -> 0
...

Sheet DAY3
A1: BOPP STOCK MOVEMENT REPORT AS OF 1/9/26
A2: DESCRIPTION AND CODE | B2: OPENING | C2: RECEIPTS | D2: RETURNS | E2: EXCHANGED | F2: SALES | G2: ISSUES | H2: THEORETICAL | I2: PHYSICAL | J2: R/MATERIAL | K2: RECEIPTS TO | L2: RETURNS | M2: EXCHANGED TO | N2: SALES TO | O2: ISSUES TO | P2: AVE RECEIPTS | Q2: AVE RETURNS | R2: AVE EXCHANGED | S2: AVE SALES | T2: AVE ISSUES | U2: STOCK
B3: STOCK | H3: CLOSING STOCK | I3: CLOSING STOCK | K3: DATE | L3: TO DATE | M3: DATE | N3: DATE | O3: DATE | P3: PER DAY | Q3: PER DAY | R3: PER DAY | T3: PER DAY | U3: DAYS
A4: BOPP : CLEAR & PET
B5: ='DAY2'!H5 -> 0 | C5: 0 | D5: 0 | E5: 0 | F5: 0 | G5: 0 | H5: =+(Table1433[[#This Row],[OPENING ]]+Table1433[[#This Row],[RECEIPTS]]+Table1433[[#This Row],[RETURNS]])-(Table1433[[#This Row],[EXCHANGED]]+Table1433[[#This Row],[SALES]]+Table1433[[#This Row],[ISSUES]]) -> 0 | I5: 0 | J5: =+I5-H5 -> 0 | K5: ='DAY2'!K5+'DAY3'!C5 -> 0 | L5: ='DAY2'!L5+'DAY3'!D5 -> 0 | M5: ='DAY2'!M5+'DAY3'!E5 -> 0 | N5: ='DAY2'!N5+'DAY3'!F5 -> 0 | O5: ='DAY2'!O5+'DAY3'!G5 -> 0 | P5: =+K5/3 -> 0 | Q5: =+L5/3 -> 0 | R5: =+M5/3 -> 0 | S5: =+N5/3 -> 0 | T5: =+O5/3 -> 0 | U5: =IFERROR(+H5/(P5+Q5+R5+S5+T5),0) -> 0
B6: ='DAY2'!H6 -> 0 | C6: 0 | D6: 0 | E6: 0 | F6: 0 | G6: 0 | H6: =+(Table1433[[#This Row],[OPENING ]]+Table1433[[#This Row],[RECEIPTS]]+Table1433[[#This Row],[RETURNS]])-(Table1433[[#This Row],[EXCHANGED]]+Table1433[[#This Row],[SALES]]+Table1433[[#This Row],[ISSUES]]) -> 0 | I6: 0 | J6: =+I6-H6 -> 0 | K6: ='DAY2'!K6+'DAY3'!C6 -> 0 | L6: ='DAY2'!L6+'DAY3'!D6 -> 0 | M6: ='DAY2'!M6+'DAY3'!E6 -> 0 | N6: ='DAY2'!N6+'DAY3'!F6 -> 0 | O6: ='DAY2'!O6+'DAY3'!G6 -> 0 | P6: =+K6/3 -> 0 | Q6: =+L6/3 -> 0 | R6: =+M6/3 -> 0 | S6: =+N6/3 -> 0 | T6: =+O6/3 -> 0 | U6: =IFERROR(+H6/(P6+Q6+R6+S6+T6),0) -> 0
B7: ='DAY2'!H7 -> 0 | C7: 0 | D7: 0 | E7: 0 | F7: 0 | G7: 0 | H7: =+(Table1433[[#This Row],[OPENING ]]+Table1433[[#This Row],[RECEIPTS]]+Table1433[[#This Row],[RETURNS]])-(Table1433[[#This Row],[EXCHANGED]]+Table1433[[#This Row],[SALES]]+Table1433[[#This Row],[ISSUES]]) -> 0 | I7: 0 | J7: =+I7-H7 -> 0 | K7: ='DAY2'!K7+'DAY3'!C7 -> 0 | L7: ='DAY2'!L7+'DAY3'!D7 -> 0 | M7: ='DAY2'!M7+'DAY3'!E7 -> 0 | N7: ='DAY2'!N7+'DAY3'!F7 -> 0 | O7: ='DAY2'!O7+'DAY3'!G7 -> 0 | P7: =+K7/3 -> 0 | Q7: =+L7/3 -> 0 | R7: =+M7/3 -> 0 | S7: =+N7/3 -> 0 | T7: =+O7/3 -> 0 | U7: =IFERROR(+H7/(P7+Q7+R7+S7+T7),0) -> 0
A8: 110*12 PET BOPP | B8: ='DAY2'!H8 -> 8.5 | C8: 0 | D8: 0 | E8: 0 | F8: 0 | G8: 0 | H8: =+(Table1433[[#This Row],[OPENING ]]+Table1433[[#This Row],[RECEIPTS]]+Table1433[[#This Row],[RETURNS]])-(Table1433[[#This Row],[EXCHANGED]]+Table1433[[#This Row],[SALES]]+Table1433[[#This Row],[ISSUES]]) -> 8.5 | I8: 8.5 | J8: =+I8-H8 -> 0 | K8: ='DAY2'!K8+'DAY3'!C8 -> 0 | L8: ='DAY2'!L8+'DAY3'!D8 -> 0 | M8: ='DAY2'!M8+'DAY3'!E8 -> 0 | N8: ='DAY2'!N8+'DAY3'!F8 -> 0 | O8: ='DAY2'!O8+'DAY3'!G8 -> 0 | P8: =+K8/3 -> 0 | Q8: =+L8/3 -> 0 | R8: =+M8/3 -> 0 | S8: =+N8/3 -> 0 | T8: =+O8/3 -> 0 | U8: =IFERROR(+H8/(P8+Q8+R8+S8+T8),0) -> 0
A9: 115*12 PET BOPP | B9: ='DAY2'!H9 -> 15 | C9: 0 | D9: 0 | E9: 0 | F9: 0 | G9: 0 | H9: =+(Table1433[[#This Row],[OPENING ]]+Table1433[[#This Row],[RECEIPTS]]+Table1433[[#This Row],[RETURNS]])-(Table1433[[#This Row],[EXCHANGED]]+Table1433[[#This Row],[SALES]]+Table1433[[#This Row],[ISSUES]]) -> 15 | I9: 15 | J9: =+I9-H9 -> 0 | K9: ='DAY2'!K9+'DAY3'!C9 -> 0 | L9: ='DAY2'!L9+'DAY3'!D9 -> 0 | M9: ='DAY2'!M9+'DAY3'!E9 -> 0 | N9: ='DAY2'!N9+'DAY3'!F9 -> 0 | O9: ='DAY2'!O9+'DAY3'!G9 -> 0 | P9: =+K9/3 -> 0 | Q9: =+L9/3 -> 0 | R9: =+M9/3 -> 0 | S9: =+N9/3 -> 0 | T9: =+O9/3 -> 0 | U9: =IFERROR(+H9/(P9+Q9+R9+S9+T9),0) -> 0
A10: 125*12 PET BOPP | B10: ='DAY2'!H10 -> 18 | C10: 0 | D10: 0 | E10: 0 | F10: 0 | G10: 0 | H10: =+(Table1433[[#This Row],[OPENING ]]+Table1433[[#This Row],[RECEIPTS]]+Table1433[[#This Row],[RETURNS]])-(Table1433[[#This Row],[EXCHANGED]]+Table1433[[#This Row],[SALES]]+Table1433[[#This Row],[ISSUES]]) -> 18 | I10: 18 | J10: =+I10-H10 -> 0 | K10: ='DAY2'!K10+'DAY3'!C10 -> 0 | L10: ='DAY2'!L10+'DAY3'!D10 -> 0 | M10: ='DAY2'!M10+'DAY3'!E10 -> 0 | N10: ='DAY2'!N10+'DAY3'!F10 -> 0 | O10: ='DAY2'!O10+'DAY3'!G10 -> 0 | P10: =+K10/3 -> 0 | Q10: =+L10/3 -> 0 | R10: =+M10/3 -> 0 | S10: =+N10/3 -> 0 | T10: =+O10/3 -> 0 | U10: =IFERROR(+H10/(P10+Q10+R10+S10+T10),0) -> 0
A11: 129*12 PET BOPP | B11: ='DAY2'!H11 -> 10 | C11: 0 | D11: 0 | E11: 0 | F11: 0 | G11: 0 | H11: =+(Table1433[[#This Row],[OPENING ]]+Table1433[[#This Row],[RECEIPTS]]+Table1433[[#This Row],[RETURNS]])-(Table1433[[#This Row],[EXCHANGED]]+Table1433[[#This Row],[SALES]]+Table1433[[#This Row],[ISSUES]]) -> 10 | I11: 10 | J11: =+I11-H11 -> 0 | K11: ='DAY2'!K11+'DAY3'!C11 -> 0 | L11: ='DAY2'!L11+'DAY3'!D11 -> 0 | M11: ='DAY2'!M11+'DAY3'!E11 -> 0 | N11: ='DAY2'!N11+'DAY3'!F11 -> 0 | O11: ='DAY2'!O11+'DAY3'!G11 -> 0 | P11: =+K11/3 -> 0 | Q11: =+L11/3 -> 0 | R11: =+M11/3 -> 0 | S11: =+N11/3 -> 0 | T11: =+O11/3 -> 0 | U11: =IFERROR(+H11/(P11+Q11+R11+S11+T11),0) -> 0
A12: 150*12 PET BOPP | B12: ='DAY2'!H12 -> 28.6 | C12: 0 | D12: 0 | E12: 0 | F12: 0 | G12: 0 | H12: =+(Table1433[[#This Row],[OPENING ]]+Table1433[[#This Row],[RECEIPTS]]+Table1433[[#This Row],[RETURNS]])-(Table1433[[#This Row],[EXCHANGED]]+Table1433[[#This Row],[SALES]]+Table1433[[#This Row],[ISSUES]]) -> 28.6 | I12: 28.6 | J12: =+I12-H12 -> 0 | K12: ='DAY2'!K12+'DAY3'!C12 -> 0 | L12: ='DAY2'!L12+'DAY3'!D12 -> 0 | M12: ='DAY2'!M12+'DAY3'!E12 -> 0 | N12: ='DAY2'!N12+'DAY3'!F12 -> 0 | O12: ='DAY2'!O12+'DAY3'!G12 -> 0 | P12: =+K12/3 -> 0 | Q12: =+L12/3 -> 0 | R12: =+M12/3 -> 0 | S12: =+N12/3 -> 0 | T12: =+O12/3 -> 0 | U12: =IFERROR(+H12/(P12+Q12+R12+S12+T12),0) -> 0
A13: 155*12 PET BOPP | B13: ='DAY2'!H13 -> 23.5 | C13: 0 | D13: 0 | E13: 0 | F13: 0 | G13: 0 | H13: =+(Table1433[[#This Row],[OPENING ]]+Table1433[[#This Row],[RECEIPTS]]+Table1433[[#This Row],[RETURNS]])-(Table1433[[#This Row],[EXCHANGED]]+Table1433[[#This Row],[SALES]]+Table1433[[#This Row],[ISSUES]]) -> 23.5 | I13: 23.5 | J13: =+I13-H13 -> 0 | K13: ='DAY2'!K13+'DAY3'!C13 -> 0 | L13: ='DAY2'!L13+'DAY3'!D13 -> 0 | M13: ='DAY2'!M13+'DAY3'!E13 -> 0 | N13: ='DAY2'!N13+'DAY3'!F13 -> 0 | O13: ='DAY2'!O13+'DAY3'!G13 -> 0 | P13: =+K13/3 -> 0 | Q13: =+L13/3 -> 0 | R13: =+M13/3 -> 0 | S13: =+N13/3 -> 0 | T13: =+O13/3 -> 0 | U13: =IFERROR(+H13/(P13+Q13+R13+S13+T13),0) -> 0
A14: 160*12 PET BOPP | B14: ='DAY2'!H14 -> 30.5 | C14: 0 | D14: 0 | E14: 0 | F14: 0 | G14: 0 | H14: =+(Table1433[[#This Row],[OPENING ]]+Table1433[[#This Row],[RECEIPTS]]+Table1433[[#This Row],[RETURNS]])-(Table1433[[#This Row],[EXCHANGED]]+Table1433[[#This Row],[SALES]]+Table1433[[#This Row],[ISSUES]]) -> 30.5 | I14: 30.5 | J14: =+I14-H14 -> 0 | K14: ='DAY2'!K14+'DAY3'!C14 -> 0 | L14: ='DAY2'!L14+'DAY3'!D14 -> 0 | M14: ='DAY2'!M14+'DAY3'!E14 -> 0 | N14: ='DAY2'!N14+'DAY3'!F14 -> 0 | O14: ='DAY2'!O14+'DAY3'!G14 -> 0 | P14: =+K14/3 -> 0 | Q14: =+L14/3 -> 0 | R14: =+M14/3 -> 0 | S14: =+N14/3 -> 0 | T14: =+O14/3 -> 0 | U14: =IFERROR(+H14/(P14+Q14+R14+S14+T14),0) -> 0
A15: 165*12 PET BOPP | B15: ='DAY2'!H15 -> 33.5 | C15: 0 | D15: 0 | E15: 0 | F15: 0 | G15: 0 | H15: =+(Table1433[[#This Row],[OPENING ]]+Table1433[[#This Row],[RECEIPTS]]+Table1433[[#This Row],[RETURNS]])-(Table1433[[#This Row],[EXCHANGED]]+Table1433[[#This Row],[SALES]]+Table1433[[#This Row],[ISSUES]]) -> 33.5 | I15: 33.5 | J15: =+I15-H15 -> 0 | K15: ='DAY2'!K15+'DAY3'!C15 -> 0 | L15: ='DAY2'!L15+'DAY3'!D15 -> 0 | M15: ='DAY2'!M15+'DAY3'!E15 -> 0 | N15: ='DAY2'!N15+'DAY3'!F15 -> 0 | O15: ='DAY2'!O15+'DAY3'!G15 -> 0 | P15: =+K15/3 -> 0 | Q15: =+L15/3 -> 0 | R15: =+M15/3 -> 0 | S15: =+N15/3 -> 0 | T15: =+O15/3 -> 0 | U15: =IFERROR(+H15/(P15+Q15+R15+S15+T15),0) -> 0
A16: 218*12 PET BOPP | B16: ='DAY2'!H16 -> 36 | C16: 0 | D16: 0 | E16: 0 | F16: 0 | G16: 0 | H16: =+(Table1433[[#This Row],[OPENING ]]+Table1433[[#This Row],[RECEIPTS]]+Table1433[[#This Row],[RETURNS]])-(Table1433[[#This Row],[EXCHANGED]]+Table1433[[#This Row],[SALES]]+Table1433[[#This Row],[ISSUES]]) -> 36 | I16: 36 | J16: =+I16-H16 -> 0 | K16: ='DAY2'!K16+'DAY3'!C16 -> 0 | L16: ='DAY2'!L16+'DAY3'!D16 -> 0 | M16: ='DAY2'!M16+'DAY3'!E16 -> 0 | N16: ='DAY2'!N16+'DAY3'!F16 -> 0 | O16: ='DAY2'!O16+'DAY3'!G16 -> 0 | P16: =+K16/3 -> 0 | Q16: =+L16/3 -> 0 | R16: =+M16/3 -> 0 | S16: =+N16/3 -> 0 | T16: =+O16/3 -> 0 | U16: =IFERROR(+H16/(P16+Q16+R16+S16+T16),0) -> 0
A17: 220*12 PET BOPP | B17: ='DAY2'!H17 -> 0 | C17: 0 | D17: 0 | E17: 0 | F17: 0 | G17: 0 | H17: =+(Table1433[[#This Row],[OPENING ]]+Table1433[[#This Row],[RECEIPTS]]+Table1433[[#This Row],[RETURNS]])-(Table1433[[#This Row],[EXCHANGED]]+Table1433[[#This Row],[SALES]]+Table1433[[#This Row],[ISSUES]]) -> 0 | J17: =+I17-H17 -> 0 | K17: ='DAY2'!K17+'DAY3'!C17 -> 0 | L17: ='DAY2'!L17+'DAY3'!D17 -> 0 | M17: ='DAY2'!M17+'DAY3'!E17 -> 0 | N17: ='DAY2'!N17+'DAY3'!F17 -> 0 | O17: ='DAY2'!O17+'DAY3'!G17 -> 0 | P17: =+K17/3 -> 0 | Q17: =+L17/3 -> 0 | R17: =+M17/3 -> 0 | S17: =+N17/3 -> 0 | T17: =+O17/3 -> 0 | U17: =IFERROR(+H17/(P17+Q17+R17+S17+T17),0) -> 0
A18: 229*12 PET BOPP | B18: ='DAY2'!H18 -> 0 | C18: 0 | D18: 0 | E18: 0 | F18: 0 | G18: 0 | H18: =+(Table1433[[#This Row],[OPENING ]]+Table1433[[#This Row],[RECEIPTS]]+Table1433[[#This Row],[RETURNS]])-(Table1433[[#This Row],[EXCHANGED]]+Table1433[[#This Row],[SALES]]+Table1433[[#This Row],[ISSUES]]) -> 0 | J18: =+I18-H18 -> 0 | K18: ='DAY2'!K18+'DAY3'!C18 -> 0 | L18: ='DAY2'!L18+'DAY3'!D18 -> 0 | M18: ='DAY2'!M18+'DAY3'!E18 -> 0 | N18: ='DAY2'!N18+'DAY3'!F18 -> 0 | O18: ='DAY2'!O18+'DAY3'!G18 -> 0 | P18: =+K18/3 -> 0 | Q18: =+L18/3 -> 0 | R18: =+M18/3 -> 0 | S18: =+N18/3 -> 0 | T18: =+O18/3 -> 0 | U18: =IFERROR(+H18/(P18+Q18+R18+S18+T18),0) -> 0
A19: 230*19 PET BOPP | B19: ='DAY2'!H19 -> 27 | C19: 0 | D19: 0 | E19: 0 | F19: 0 | G19: 0 | H19: =+(Table1433[[#This Row],[OPENING ]]+Table1433[[#This Row],[RECEIPTS]]+Table1433[[#This Row],[RETURNS]])-(Table1433[[#This Row],[EXCHANGED]]+Table1433[[#This Row],[SALES]]+Table1433[[#This Row],[ISSUES]]) -> 27 | I19: 27 | J19: =+I19-H19 -> 0 | K19: ='DAY2'!K19+'DAY3'!C19 -> 0 | L19: ='DAY2'!L19+'DAY3'!D19 -> 0 | M19: ='DAY2'!M19+'DAY3'!E19 -> 0 | N19: ='DAY2'!N19+'DAY3'!F19 -> 0 | O19: ='DAY2'!O19+'DAY3'!G19 -> 0 | P19: =+K19/3 -> 0 | Q19: =+L19/3 -> 0 | R19: =+M19/3 -> 0 | S19: =+N19/3 -> 0 | T19: =+O19/3 -> 0 | U19: =IFERROR(+H19/(P19+Q19+R19+S19+T19),0) -> 0
A20: 190*12 PET BOPP | B20: ='DAY2'!H20 -> 228.5 | C20: 0 | D20: 0 | E20: 0 | F20: 0 | G20: 0 | H20: =+(Table1433[[#This Row],[OPENING ]]+Table1433[[#This Row],[RECEIPTS]]+Table1433[[#This Row],[RETURNS]])-(Table1433[[#This Row],[EXCHANGED]]+Table1433[[#This Row],[SALES]]+Table1433[[#This Row],[ISSUES]]) -> 228.5 | I20: 228.5 | J20: =+I20-H20 -> 0 | K20: ='DAY2'!K20+'DAY3'!C20 -> 0 | L20: ='DAY2'!L20+'DAY3'!D20 -> 0 | M20: ='DAY2'!M20+'DAY3'!E20 -> 0 | N20: ='DAY2'!N20+'DAY3'!F20 -> 0 | O20: ='DAY2'!O20+'DAY3'!G20 -> 0 | P20: =+K20/3 -> 0 | Q20: =+L20/3 -> 0 | R20: =+M20/3 -> 0 | S20: =+N20/3 -> 0 | T20: =+O20/3 -> 0 | U20: =IFERROR(+H20/(P20+Q20+R20+S20+T20),0) -> 0
A21: 170 *12 PET BOPP | B21: ='DAY2'!H21 -> 70 | C21: 0 | D21: 0 | E21: 0 | F21: 0 | G21: 0 | H21: =+(Table1433[[#This Row],[OPENING ]]+Table1433[[#This Row],[RECEIPTS]]+Table1433[[#This Row],[RETURNS]])-(Table1433[[#This Row],[EXCHANGED]]+Table1433[[#This Row],[SALES]]+Table1433[[#This Row],[ISSUES]]) -> 70 | I21: 70 | J21: =+I21-H21 -> 0 | K21: ='DAY2'!K21+'DAY3'!C21 -> 0 | L21: ='DAY2'!L21+'DAY3'!D21 -> 0 | M21: ='DAY2'!M21+'DAY3'!E21 -> 0 | N21: ='DAY2'!N21+'DAY3'!F21 -> 0 | O21: ='DAY2'!O21+'DAY3'!G21 -> 0 | P21: =+K21/3 -> 0 | Q21: =+L21/3 -> 0 | R21: =+M21/3 -> 0 | S21: =+N21/3 -> 0 | T21: =+O21/3 -> 0 | U21: =IFERROR(+H21/(P21+Q21+R21+S21+T21),0) -> 0
A22: 140*12 PET BOPP | B22: ='DAY2'!H22 -> 14 | C22: 0 | D22: 0 | E22: 0 | F22: 0 | G22: 0 | H22: =+(Table1433[[#This Row],[OPENING ]]+Table1433[[#This Row],[RECEIPTS]]+Table1433[[#This Row],[RETURNS]])-(Table1433[[#This Row],[EXCHANGED]]+Table1433[[#This Row],[SALES]]+Table1433[[#This Row],[ISSUES]]) -> 14 | I22: 14 | J22: =+I22-H22 -> 0 | K22: ='DAY2'!K22+'DAY3'!C22 -> 0 | L22: ='DAY2'!L22+'DAY3'!D22 -> 0 | M22: ='DAY2'!M22+'DAY3'!E22 -> 0 | N22: ='DAY2'!N22+'DAY3'!F22 -> 0 | O22: ='DAY2'!O22+'DAY3'!G22 -> 0 | P22: =+K22/3 -> 0 | Q22: =+L22/3 -> 0 | R22: =+M22/3 -> 0 | S22: =+N22/3 -> 0 | T22: =+O22/3 -> 0 | U22: =IFERROR(+H22/(P22+Q22+R22+S22+T22),0) -> 0
A23: 290*12 PET BOPP | B23: ='DAY2'!H23 -> 70 | C23: 0 | D23: 0 | E23: 0 | F23: 0 | G23: 0 | H23: =+(Table1433[[#This Row],[OPENING ]]+Table1433[[#This Row],[RECEIPTS]]+Table1433[[#This Row],[RETURNS]])-(Table1433[[#This Row],[EXCHANGED]]+Table1433[[#This Row],[SALES]]+Table1433[[#This Row],[ISSUES]]) -> 70 | I23: 70 | J23: =+I23-H23 -> 0 | K23: ='DAY2'!K23+'DAY3'!C23 -> 0 | L23: ='DAY2'!L23+'DAY3'!D23 -> 0 | M23: ='DAY2'!M23+'DAY3'!E23 -> 0 | N23: ='DAY2'!N23+'DAY3'!F23 -> 0 | O23: ='DAY2'!O23+'DAY3'!G23 -> 0 | P23: =+K23/3 -> 0 | Q23: =+L23/3 -> 0 | R23: =+M23/3 -> 0 | S23: =+N23/3 -> 0 | T23: =+O23/3 -> 0 | U23: =IFERROR(+H23/(P23+Q23+R23+S23+T23),0) -> 0
A24: 320*12 PET BOPP | B24: ='DAY2'!H24 -> 49 | C24: 0 | D24: 0 | E24: 0 | F24: 0 | G24: 0 | H24: =+(Table1433[[#This Row],[OPENING ]]+Table1433[[#This Row],[RECEIPTS]]+Table1433[[#This Row],[RETURNS]])-(Table1433[[#This Row],[EXCHANGED]]+Table1433[[#This Row],[SALES]]+Table1433[[#This Row],[ISSUES]]) -> 49 | I24: 49 | J24: =+I24-H24 -> 0 | K24: ='DAY2'!K24+'DAY3'!C24 -> 0 | L24: ='DAY2'!L24+'DAY3'!D24 -> 0 | M24: ='DAY2'!M24+'DAY3'!E24 -> 0 | N24: ='DAY2'!N24+'DAY3'!F24 -> 0 | O24: ='DAY2'!O24+'DAY3'!G24 -> 0 | P24: =+K24/3 -> 0 | Q24: =+L24/3 -> 0 | R24: =+M24/3 -> 0 | S24: =+N24/3 -> 0 | T24: =+O24/3 -> 0 | U24: =IFERROR(+H24/(P24+Q24+R24+S24+T24),0) -> 0
B25: ='DAY2'!H25 -> 0 | C25: 0 | D25: 0 | E25: 0 | F25: 0 | G25: 0 | H25: =+(Table1433[[#This Row],[OPENING ]]+Table1433[[#This Row],[RECEIPTS]]+Table1433[[#This Row],[RETURNS]])-(Table1433[[#This Row],[EXCHANGED]]+Table1433[[#This Row],[SALES]]+Table1433[[#This Row],[ISSUES]]) -> 0 | J25: =+I25-H25 -> 0 | K25: ='DAY2'!K25+'DAY3'!C25 -> 0 | L25: ='DAY2'!L25+'DAY3'!D25 -> 0 | M25: ='DAY2'!M25+'DAY3'!E25 -> 0 | N25: ='DAY2'!N25+'DAY3'!F25 -> 0 | O25: ='DAY2'!O25+'DAY3'!G25 -> 0 | P25: =+K25/3 -> 0 | Q25: =+L25/3 -> 0 | R25: =+M25/3 -> 0 | S25: =+N25/3 -> 0 | T25: =+O25/3 -> 0 | U25: =IFERROR(+H25/(P25+Q25+R25+S25+T25),0) -> 0
A26: CLEAR BOPP | B26: ='DAY2'!H26 -> 0 | C26: 0 | D26: 0 | E26: 0 | F26: 0 | G26: 0 | H26: =+(Table1433[[#This Row],[OPENING ]]+Table1433[[#This Row],[RECEIPTS]]+Table1433[[#This Row],[RETURNS]])-(Table1433[[#This Row],[EXCHANGED]]+Table1433[[#This Row],[SALES]]+Table1433[[#This Row],[ISSUES]]) -> 0 | J26: =+I26-H26 -> 0 | K26: ='DAY2'!K26+'DAY3'!C26 -> 0 | L26: ='DAY2'!L26+'DAY3'!D26 -> 0 | M26: ='DAY2'!M26+'DAY3'!E26 -> 0 | N26: ='DAY2'!N26+'DAY3'!F26 -> 0 | O26: ='DAY2'!O26+'DAY3'!G26 -> 0 | P26: =+K26/3 -> 0 | Q26: =+L26/3 -> 0 | R26: =+M26/3 -> 0 | S26: =+N26/3 -> 0 | T26: =+O26/3 -> 0 | U26: =IFERROR(+H26/(P26+Q26+R26+S26+T26),0) -> 0
A27: 755*18 CLEAR BOPP | B27: ='DAY2'!H27 -> 506.2 | C27: 0 | D27: 0 | E27: 0 | F27: 0 | G27: 0 | H27: =+(Table1433[[#This Row],[OPENING ]]+Table1433[[#This Row],[RECEIPTS]]+Table1433[[#This Row],[RETURNS]])-(Table1433[[#This Row],[EXCHANGED]]+Table1433[[#This Row],[SALES]]+Table1433[[#This Row],[ISSUES]]) -> 506.2 | I27: 506.2 | J27: =+I27-H27 -> 0 | K27: ='DAY2'!K27+'DAY3'!C27 -> 0 | L27: ='DAY2'!L27+'DAY3'!D27 -> 0 | M27: ='DAY2'!M27+'DAY3'!E27 -> 0 | N27: ='DAY2'!N27+'DAY3'!F27 -> 0 | O27: ='DAY2'!O27+'DAY3'!G27 -> 0 | P27: =+K27/3 -> 0 | Q27: =+L27/3 -> 0 | R27: =+M27/3 -> 0 | S27: =+N27/3 -> 0 | T27: =+O27/3 -> 0 | U27: =IFERROR(+H27/(P27+Q27+R27+S27+T27),0) -> 0
A28: 300 MM X 20 UM COOL CYCLONE | B28: ='DAY2'!H28 -> 0 | C28: 0 | D28: 0 | E28: 0 | F28: 0 | G28: 0 | H28: =+(Table1433[[#This Row],[OPENING ]]+Table1433[[#This Row],[RECEIPTS]]+Table1433[[#This Row],[RETURNS]])-(Table1433[[#This Row],[EXCHANGED]]+Table1433[[#This Row],[SALES]]+Table1433[[#This Row],[ISSUES]]) -> 0 | J28: =+I28-H28 -> 0 | K28: ='DAY2'!K28+'DAY3'!C28 -> 0 | L28: ='DAY2'!L28+'DAY3'!D28 -> 0 | M28: ='DAY2'!M28+'DAY3'!E28 -> 0 | N28: ='DAY2'!N28+'DAY3'!F28 -> 0 | O28: ='DAY2'!O28+'DAY3'!G28 -> 0 | P28: =+K28/3 -> 0 | Q28: =+L28/3 -> 0 | R28: =+M28/3 -> 0 | S28: =+N28/3 -> 0 | T28: =+O28/3 -> 0 | U28: =IFERROR(+H28/(P28+Q28+R28+S28+T28),0) -> 0
A29: 570 MM X 20 UM COOL CYCLONE | B29: ='DAY2'!H29 -> 318.3 | C29: 0 | D29: 0 | E29: 0 | F29: 0 | G29: 0 | H29: =+(Table1433[[#This Row],[OPENING ]]+Table1433[[#This Row],[RECEIPTS]]+Table1433[[#This Row],[RETURNS]])-(Table1433[[#This Row],[EXCHANGED]]+Table1433[[#This Row],[SALES]]+Table1433[[#This Row],[ISSUES]]) -> 318.3 | I29: 318.3 | J29: =+I29-H29 -> 0 | K29: ='DAY2'!K29+'DAY3'!C29 -> 0 | L29: ='DAY2'!L29+'DAY3'!D29 -> 0 | M29: ='DAY2'!M29+'DAY3'!E29 -> 0 | N29: ='DAY2'!N29+'DAY3'!F29 -> 0 | O29: ='DAY2'!O29+'DAY3'!G29 -> 0 | P29: =+K29/3 -> 0 | Q29: =+L29/3 -> 0 | R29: =+M29/3 -> 0 | S29: =+N29/3 -> 0 | T29: =+O29/3 -> 0 | U29: =IFERROR(+H29/(P29+Q29+R29+S29+T29),0) -> 0
A30: 550 MM X 20 UM COOL CYCLONE | B30: ='DAY2'!H30 -> 0 | C30: 0 | D30: 0 | E30: 0 | F30: 0 | G30: 0 | H30: =+(Table1433[[#This Row],[OPENING ]]+Table1433[[#This Row],[RECEIPTS]]+Table1433[[#This Row],[RETURNS]])-(Table1433[[#This Row],[EXCHANGED]]+Table1433[[#This Row],[SALES]]+Table1433[[#This Row],[ISSUES]]) -> 0 | J30: =+I30-H30 -> 0 | K30: ='DAY2'!K30+'DAY3'!C30 -> 0 | L30: ='DAY2'!L30+'DAY3'!D30 -> 0 | M30: ='DAY2'!M30+'DAY3'!E30 -> 0 | N30: ='DAY2'!N30+'DAY3'!F30 -> 0 | O30: ='DAY2'!O30+'DAY3'!G30 -> 0 | P30: =+K30/3 -> 0 | Q30: =+L30/3 -> 0 | R30: =+M30/3 -> 0 | S30: =+N30/3 -> 0 | T30: =+O30/3 -> 0 | U30: =IFERROR(+H30/(P30+Q30+R30+S30+T30),0) -> 0
A31: 1100 MM X 30 UM COOL CYCLONE | B31: ='DAY2'!H31 -> 0 | C31: 0 | D31: 0 | E31: 0 | F31: 0 | G31: 0 | H31: =+(Table1433[[#This Row],[OPENING ]]+Table1433[[#This Row],[RECEIPTS]]+Table1433[[#This Row],[RETURNS]])-(Table1433[[#This Row],[EXCHANGED]]+Table1433[[#This Row],[SALES]]+Table1433[[#This Row],[ISSUES]]) -> 0 | J31: =+I31-H31 -> 0 | K31: ='DAY2'!K31+'DAY3'!C31 -> 0 | L31: ='DAY2'!L31+'DAY3'!D31 -> 0 | M31: ='DAY2'!M31+'DAY3'!E31 -> 0 | N31: ='DAY2'!N31+'DAY3'!F31 -> 0 | O31: ='DAY2'!O31+'DAY3'!G31 -> 0 | P31: =+K31/3 -> 0 | Q31: =+L31/3 -> 0 | R31: =+M31/3 -> 0 | S31: =+N31/3 -> 0 | T31: =+O31/3 -> 0 | U31: =IFERROR(+H31/(P31+Q31+R31+S31+T31),0) -> 0
A32: 1100 MM X 30 UM SRF | B32: ='DAY2'!H32 -> 0 | C32: 0 | D32: 0 | E32: 0 | F32: 0 | G32: 0 | H32: =+(Table1433[[#This Row],[OPENING ]]+Table1433[[#This Row],[RECEIPTS]]+Table1433[[#This Row],[RETURNS]])-(Table1433[[#This Row],[EXCHANGED]]+Table1433[[#This Row],[SALES]]+Table1433[[#This Row],[ISSUES]]) -> 0 | J32: =+I32-H32 -> 0 | K32: ='DAY2'!K32+'DAY3'!C32 -> 0 | L32: ='DAY2'!L32+'DAY3'!D32 -> 0 | M32: ='DAY2'!M32+'DAY3'!E32 -> 0 | N32: ='DAY2'!N32+'DAY3'!F32 -> 0 | O32: ='DAY2'!O32+'DAY3'!G32 -> 0 | P32: =+K32/3 -> 0 | Q32: =+L32/3 -> 0 | R32: =+M32/3 -> 0 | S32: =+N32/3 -> 0 | T32: =+O32/3 -> 0 | U32: =IFERROR(+H32/(P32+Q32+R32+S32+T32),0) -> 0
A33: 390 MM X 20 UM | B33: ='DAY2'!H33 -> 0 | C33: 0 | D33: 0 | E33: 0 | F33: 0 | G33: 0 | H33: =+(Table1433[[#This Row],[OPENING ]]+Table1433[[#This Row],[RECEIPTS]]+Table1433[[#This Row],[RETURNS]])-(Table1433[[#This Row],[EXCHANGED]]+Table1433[[#This Row],[SALES]]+Table1433[[#This Row],[ISSUES]]) -> 0 | J33: =+I33-H33 -> 0 | K33: ='DAY2'!K33+'DAY3'!C33 -> 0 | L33: ='DAY2'!L33+'DAY3'!D33 -> 0 | M33: ='DAY2'!M33+'DAY3'!E33 -> 0 | N33: ='DAY2'!N33+'DAY3'!F33 -> 0 | O33: ='DAY2'!O33+'DAY3'!G33 -> 0 | P33: =+K33/3 -> 0 | Q33: =+L33/3 -> 0 | R33: =+M33/3 -> 0 | S33: =+N33/3 -> 0 | T33: =+O33/3 -> 0 | U33: =IFERROR(+H33/(P33+Q33+R33+S33+T33),0) -> 0
A34: 550 MM X 30UM | B34: ='DAY2'!H34 -> 58.1 | C34: 0 | D34: 0 | E34: 0 | F34: 0 | G34: 0 | H34: =+(Table1433[[#This Row],[OPENING ]]+Table1433[[#This Row],[RECEIPTS]]+Table1433[[#This Row],[RETURNS]])-(Table1433[[#This Row],[EXCHANGED]]+Table1433[[#This Row],[SALES]]+Table1433[[#This Row],[ISSUES]]) -> 58.1 | I34: 58.1 | J34: =+I34-H34 -> 0 | K34: ='DAY2'!K34+'DAY3'!C34 -> 0 | L34: ='DAY2'!L34+'DAY3'!D34 -> 0 | M34: ='DAY2'!M34+'DAY3'!E34 -> 0 | N34: ='DAY2'!N34+'DAY3'!F34 -> 0 | O34: ='DAY2'!O34+'DAY3'!G34 -> 0 | P34: =+K34/3 -> 0 | Q34: =+L34/3 -> 0 | R34: =+M34/3 -> 0 | S34: =+N34/3 -> 0 | T34: =+O34/3 -> 0 | U34: =IFERROR(+H34/(P34+Q34+R34+S34+T34),0) -> 0
A35: 400 MM X 30 UM | B35: ='DAY2'!H35 -> 0 | C35: 0 | D35: 0 | E35: 0 | F35: 0 | G35: 0 | H35: =+(Table1433[[#This Row],[OPENING ]]+Table1433[[#This Row],[RECEIPTS]]+Table1433[[#This Row],[RETURNS]])-(Table1433[[#This Row],[EXCHANGED]]+Table1433[[#This Row],[SALES]]+Table1433[[#This Row],[ISSUES]]) -> 0 | J35: =+I35-H35 -> 0 | K35: ='DAY2'!K35+'DAY3'!C35 -> 0 | L35: ='DAY2'!L35+'DAY3'!D35 -> 0 | M35: ='DAY2'!M35+'DAY3'!E35 -> 0 | N35: ='DAY2'!N35+'DAY3'!F35 -> 0 | O35: ='DAY2'!O35+'DAY3'!G35 -> 0 | P35: =+K35/3 -> 0 | Q35: =+L35/3 -> 0 | R35: =+M35/3 -> 0 | S35: =+N35/3 -> 0 | T35: =+O35/3 -> 0 | U35: =IFERROR(+H35/(P35+Q35+R35+S35+T35),0) -> 0
A36: 640 MM X 20 UM | B36: ='DAY2'!H36 -> 31.35 | C36: 0 | D36: 0 | E36: 0 | F36: 0 | G36: 0 | H36: =+(Table1433[[#This Row],[OPENING ]]+Table1433[[#This Row],[RECEIPTS]]+Table1433[[#This Row],[RETURNS]])-(Table1433[[#This Row],[EXCHANGED]]+Table1433[[#This Row],[SALES]]+Table1433[[#This Row],[ISSUES]]) -> 31.35 | I36: 31.35 | J36: =+I36-H36 -> 0 | K36: ='DAY2'!K36+'DAY3'!C36 -> 0 | L36: ='DAY2'!L36+'DAY3'!D36 -> 0 | M36: ='DAY2'!M36+'DAY3'!E36 -> 0 | N36: ='DAY2'!N36+'DAY3'!F36 -> 0 | O36: ='DAY2'!O36+'DAY3'!G36 -> 0 | P36: =+K36/3 -> 0 | Q36: =+L36/3 -> 0 | R36: =+M36/3 -> 0 | S36: =+N36/3 -> 0 | T36: =+O36/3 -> 0 | U36: =IFERROR(+H36/(P36+Q36+R36+S36+T36),0) -> 0
A37: 400 MM x 20 UM COOL CYCLONE | B37: ='DAY2'!H37 -> 0 | C37: 0 | D37: 0 | E37: 0 | F37: 0 | G37: 0 | H37: =+(Table1433[[#This Row],[OPENING ]]+Table1433[[#This Row],[RECEIPTS]]+Table1433[[#This Row],[RETURNS]])-(Table1433[[#This Row],[EXCHANGED]]+Table1433[[#This Row],[SALES]]+Table1433[[#This Row],[ISSUES]]) -> 0 | J37: =+I37-H37 -> 0 | K37: ='DAY2'!K37+'DAY3'!C37 -> 0 | L37: ='DAY2'!L37+'DAY3'!D37 -> 0 | M37: ='DAY2'!M37+'DAY3'!E37 -> 0 | N37: ='DAY2'!N37+'DAY3'!F37 -> 0 | O37: ='DAY2'!O37+'DAY3'!G37 -> 0 | P37: =+K37/3 -> 0 | Q37: =+L37/3 -> 0 | R37: =+M37/3 -> 0 | S37: =+N37/3 -> 0 | T37: =+O37/3 -> 0 | U37: =IFERROR(+H37/(P37+Q37+R37+S37+T37),0) -> 0
A38: TOTAL BOPP | B38: =SUM(B5:B37) -> 1576.05 | C38: =SUM(C5:C37) -> 0 | D38: =SUM(D5:D37) -> 0 | E38: =SUM(E5:E37) -> 0 | F38: =SUM(F5:F37) -> 0 | G38: =SUM(G5:G37) -> 0 | H38: =SUM(H5:H37) -> 1576.05 | I38: =SUM(I5:I37) -> 1576.05 | ... U38: =SUM(U5:U37) -> 0
A39: TAEJIN BOPP
A40: HEAT SEALABLE CLEAR BOPP FILM TREATED OUTSIDE
A41: 20UM X 450 MM X L 14800 M | B41: ='DAY2'!H41 -> 452.6 | C41: 0 | D41: 0 | E41: 0 | F41: 0 | G41: 0 | H41: =+(Table1433[[#This Row],[OPENING ]]+Table1433[[#This Row],[RECEIPTS]]+Table1433[[#This Row],[RETURNS]])-(Table1433[[#This Row],[EXCHANGED]]+Table1433[[#This Row],[SALES]]+Table1433[[#This Row],[ISSUES]]) -> 452.6 | I41: 452.6 | J41: =+I41-H41 -> 0 | K41: ='DAY2'!K41+'DAY3'!C41 -> 0 | L41: ='DAY2'!L41+'DAY3'!D41 -> 0 | M41: ='DAY2'!M41+'DAY3'!E41 -> 0 | N41: ='DAY2'!N41+'DAY3'!F41 -> 0 | O41: ='DAY2'!O41+'DAY3'!G41 -> 0 | P41: =+K41/3 -> 0 | Q41: =+L41/3 -> 0 | R41: =+M41/3 -> 0 | S41: =+N41/3 -> 0 | T41: =+O41/3 -> 0 | U41: =IFERROR(+H41/(P41+Q41+R41+S41+T41),0) -> 0
A42: 20UM X 500 MM X L 14800 M | B42: ='DAY2'!H42 -> 555.6 | C42: 0 | D42: 0 | E42: 0 | F42: 0 | G42: 0 | H42: =+(Table1433[[#This Row],[OPENING ]]+Table1433[[#This Row],[RECEIPTS]]+Table1433[[#This Row],[RETURNS]])-(Table1433[[#This Row],[EXCHANGED]]+Table1433[[#This Row],[SALES]]+Table1433[[#This Row],[ISSUES]]) -> 555.6 | I42: 555.6 | J42: =+I42-H42 -> 0 | K42: ='DAY2'!K42+'DAY3'!C42 -> 0 | L42: ='DAY2'!L42+'DAY3'!D42 -> 0 | M42: ='DAY2'!M42+'DAY3'!E42 -> 0 | N42: ='DAY2'!N42+'DAY3'!F42 -> 0 | O42: ='DAY2'!O42+'DAY3'!G42 -> 0 | P42: =+K42/3 -> 0 | Q42: =+L42/3 -> 0 | R42: =+M42/3 -> 0 | S42: =+N42/3 -> 0 | T42: =+O42/3 -> 0 | U42: =IFERROR(+H42/(P42+Q42+R42+S42+T42),0) -> 0
A43: 20UM X 600 MM X L 14800 M | B43: ='DAY2'!H43 -> 0 | C43: 0 | D43: 0 | E43: 0 | F43: 0 | G43: 0 | H43: =+(Table1433[[#This Row],[OPENING ]]+Table1433[[#This Row],[RECEIPTS]]+Table1433[[#This Row],[RETURNS]])-(Table1433[[#This Row],[EXCHANGED]]+Table1433[[#This Row],[SALES]]+Table1433[[#This Row],[ISSUES]]) -> 0 | J43: =+I43-H43 -> 0 | K43: ='DAY2'!K43+'DAY3'!C43 -> 0 | L43: ='DAY2'!L43+'DAY3'!D43 -> 0 | M43: ='DAY2'!M43+'DAY3'!E43 -> 0 | N43: ='DAY2'!N43+'DAY3'!F43 -> 0 | O43: ='DAY2'!O43+'DAY3'!G43 -> 0 | P43: =+K43/3 -> 0 | Q43: =+L43/3 -> 0 | R43: =+M43/3 -> 0 | S43: =+N43/3 -> 0 | T43: =+O43/3 -> 0 | U43: =IFERROR(+H43/(P43+Q43+R43+S43+T43),0) -> 0
A44: 20UM X 800 MM X L 14800 M | B44: ='DAY2'!H44 -> 0 | C44: 0 | D44: 0 | E44: 0 | F44: 0 | G44: 0 | H44: =+(Table1433[[#This Row],[OPENING ]]+Table1433[[#This Row],[RECEIPTS]]+Table1433[[#This Row],[RETURNS]])-(Table1433[[#This Row],[EXCHANGED]]+Table1433[[#This Row],[SALES]]+Table1433[[#This Row],[ISSUES]]) -> 0 | J44: =+I44-H44 -> 0 | K44: ='DAY2'!K44+'DAY3'!C44 -> 0 | L44: ='DAY2'!L44+'DAY3'!D44 -> 0 | M44: ='DAY2'!M44+'DAY3'!E44 -> 0 | N44: ='DAY2'!N44+'DAY3'!F44 -> 0 | O44: ='DAY2'!O44+'DAY3'!G44 -> 0 | P44: =+K44/3 -> 0 | Q44: =+L44/3 -> 0 | R44: =+M44/3 -> 0 | S44: =+N44/3 -> 0 | T44: =+O44/3 -> 0 | U44: =IFERROR(+H44/(P44+Q44+R44+S44+T44),0) -> 0
A45: 20UM X 780 MM X 6000 M | B45: ='DAY2'!H45 -> 81.3 | C45: 0 | D45: 0 | E45: 0 | F45: 0 | G45: 0 | H45: =+(Table1433[[#This Row],[OPENING ]]+Table1433[[#This Row],[RECEIPTS]]+Table1433[[#This Row],[RETURNS]])-(Table1433[[#This Row],[EXCHANGED]]+Table1433[[#This Row],[SALES]]+Table1433[[#This Row],[ISSUES]]) -> 81.3 | I45: 81.3 | J45: =+I45-H45 -> 0 | K45: ='DAY2'!K45+'DAY3'!C45 -> 0 | L45: ='DAY2'!L45+'DAY3'!D45 -> 0 | M45: ='DAY2'!M45+'DAY3'!E45 -> 0 | N45: ='DAY2'!N45+'DAY3'!F45 -> 0 | O45: ='DAY2'!O45+'DAY3'!G45 -> 0 | P45: =+K45/3 -> 0 | Q45: =+L45/3 -> 0 | R45: =+M45/3 -> 0 | S45: =+N45/3 -> 0 | T45: =+O45/3 -> 0 | U45: =IFERROR(+H45/(P45+Q45+R45+S45+T45),0) -> 0
A46: 20UM X 550 MM | B46: ='DAY2'!H46 -> 122.2 | C46: 0 | D46: 0 | E46: 0 | F46: 0 | G46: 0 | H46: =+(Table1433[[#This Row],[OPENING ]]+Table1433[[#This Row],[RECEIPTS]]+Table1433[[#This Row],[RETURNS]])-(Table1433[[#This Row],[EXCHANGED]]+Table1433[[#This Row],[SALES]]+Table1433[[#This Row],[ISSUES]]) -> 122.2 | I46: 122.2 | J46: =+I46-H46 -> 0 | K46: ='DAY2'!K46+'DAY3'!C46 -> 0 | L46: ='DAY2'!L46+'DAY3'!D46 -> 0 | M46: ='DAY2'!M46+'DAY3'!E46 -> 0 | N46: ='DAY2'!N46+'DAY3'!F46 -> 0 | O46: ='DAY2'!O46+'DAY3'!G46 -> 0 | P46: =+K46/3 -> 0 | Q46: =+L46/3 -> 0 | R46: =+M46/3 -> 0 | S46: =+N46/3 -> 0 | T46: =+O46/3 -> 0 | U46: =IFERROR(+H46/(P46+Q46+R46+S46+T46),0) -> 0
A47: 30UM X 290 MM | B47: ='DAY2'!H47 -> 0 | C47: 0 | D47: 0 | E47: 0 | F47: 0 | G47: 0 | H47: =+(Table1433[[#This Row],[OPENING ]]+Table1433[[#This Row],[RECEIPTS]]+Table1433[[#This Row],[RETURNS]])-(Table1433[[#This Row],[EXCHANGED]]+Table1433[[#This Row],[SALES]]+Table1433[[#This Row],[ISSUES]]) -> 0 | J47: =+I47-H47 -> 0 | K47: ='DAY2'!K47+'DAY3'!C47 -> 0 | L47: ='DAY2'!L47+'DAY3'!D47 -> 0 | M47: ='DAY2'!M47+'DAY3'!E47 -> 0 | N47: ='DAY2'!N47+'DAY3'!F47 -> 0 | O47: ='DAY2'!O47+'DAY3'!G47 -> 0 | P47: =+K47/3 -> 0 | Q47: =+L47/3 -> 0 | R47: =+M47/3 -> 0 | S47: =+N47/3 -> 0 | T47: =+O47/3 -> 0 | U47: =IFERROR(+H47/(P47+Q47+R47+S47+T47),0) -> 0
A48: 30UM X 330 MM | B48: ='DAY2'!H48 -> 7 | C48: 0 | D48: 0 | E48: 0 | F48: 0 | G48: 0 | H48: =+(Table1433[[#This Row],[OPENING ]]+Table1433[[#This Row],[RECEIPTS]]+Table1433[[#This Row],[RETURNS]])-(Table1433[[#This Row],[EXCHANGED]]+Table1433[[#This Row],[SALES]]+Table1433[[#This Row],[ISSUES]]) -> 7 | I48: 7 | J48: =+I48-H48 -> 0 | K48: ='DAY2'!K48+'DAY3'!C48 -> 0 | L48: ='DAY2'!L48+'DAY3'!D48 -> 0 | M48: ='DAY2'!M48+'DAY3'!E48 -> 0 | N48: ='DAY2'!N48+'DAY3'!F48 -> 0 | O48: ='DAY2'!O48+'DAY3'!G48 -> 0 | P48: =+K48/3 -> 0 | Q48: =+L48/3 -> 0 | R48: =+M48/3 -> 0 | S48: =+N48/3 -> 0 | T48: =+O48/3 -> 0 | U48: =IFERROR(+H48/(P48+Q48+R48+S48+T48),0) -> 0
A49: 30UM X 450 MM | B49: ='DAY2'!H49 -> 17.3 | C49: 0 | D49: 0 | E49: 0 | F49: 0 | G49: 0 | H49: =+(Table1433[[#This Row],[OPENING ]]+Table1433[[#This Row],[RECEIPTS]]+Table1433[[#This Row],[RETURNS]])-(Table1433[[#This Row],[EXCHANGED]]+Table1433[[#This Row],[SALES]]+Table1433[[#This Row],[ISSUES]]) -> 17.3 | I49: 17.3 | J49: =+I49-H49 -> 0 | K49: ='DAY2'!K49+'DAY3'!C49 -> 0 | L49: ='DAY2'!L49+'DAY3'!D49 -> 0 | M49: ='DAY2'!M49+'DAY3'!E49 -> 0 | N49: ='DAY2'!N49+'DAY3'!F49 -> 0 | O49: ='DAY2'!O49+'DAY3'!G49 -> 0 | P49: =+K49/3 -> 0 | Q49: =+L49/3 -> 0 | R49: =+M49/3 -> 0 | S49: =+N49/3 -> 0 | T49: =+O49/3 -> 0 | U49: =IFERROR(+H49/(P49+Q49+R49+S49+T49),0) -> 0
A50: 30UM X 480 MM | B50: ='DAY2'!H50 -> 540.5 | C50: 0 | D50: 0 | E50: 0 | F50: 0 | G50: 0 | H50: =+(Table1433[[#This Row],[OPENING ]]+Table1433[[#This Row],[RECEIPTS]]+Table1433[[#This Row],[RETURNS]])-(Table1433[[#This Row],[EXCHANGED]]+Table1433[[#This Row],[SALES]]+Table1433[[#This Row],[ISSUES]]) -> 540.5 | I50: 540.5 | J50: =+I50-H50 -> 0 | K50: ='DAY2'!K50+'DAY3'!C50 -> 0 | L50: ='DAY2'!L50+'DAY3'!D50 -> 0 | M50: ='DAY2'!M50+'DAY3'!E50 -> 0 | N50: ='DAY2'!N50+'DAY3'!F50 -> 0 | O50: ='DAY2'!O50+'DAY3'!G50 -> 0 | P50: =+K50/3 -> 0 | Q50: =+L50/3 -> 0 | R50: =+M50/3 -> 0 | S50: =+N50/3 -> 0 | T50: =+O50/3 -> 0 | U50: =IFERROR(+H50/(P50+Q50+R50+S50+T50),0) -> 0
A51: 30UM X 490 MM | B51: ='DAY2'!H51 -> 0 | C51: 0 | D51: 0 | E51: 0 | F51: 0 | G51: 0 | H51: =+(Table1433[[#This Row],[OPENING ]]+Table1433[[#This Row],[RECEIPTS]]+Table1433[[#This Row],[RETURNS]])-(Table1433[[#This Row],[EXCHANGED]]+Table1433[[#This Row],[SALES]]+Table1433[[#This Row],[ISSUES]]) -> 0 | J51: =+I51-H51 -> 0 | K51: ='DAY2'!K51+'DAY3'!C51 -> 0 | L51: ='DAY2'!L51+'DAY3'!D51 -> 0 | M51: ='DAY2'!M51+'DAY3'!E51 -> 0 | N51: ='DAY2'!N51+'DAY3'!F51 -> 0 | O51: ='DAY2'!O51+'DAY3'!G51 -> 0 | P51: =+K51/3 -> 0 | Q51: =+L51/3 -> 0 | R51: =+M51/3 -> 0 | S51: =+N51/3 -> 0 | T51: =+O51/3 -> 0 | U51: =IFERROR(+H51/(P51+Q51+R51+S51+T51),0) -> 0
A52: 30UM X 560 MM | B52: ='DAY2'!H52 -> 0 | C52: 0 | D52: 0 | E52: 0 | F52: 0 | G52: 0 | H52: =+(Table1433[[#This Row],[OPENING ]]+Table1433[[#This Row],[RECEIPTS]]+Table1433[[#This Row],[RETURNS]])-(Table1433[[#This Row],[EXCHANGED]]+Table1433[[#This Row],[SALES]]+Table1433[[#This Row],[ISSUES]]) -> 0 | J52: =+I52-H52 -> 0 | K52: ='DAY2'!K52+'DAY3'!C52 -> 0 | L52: ='DAY2'!L52+'DAY3'!D52 -> 0 | M52: ='DAY2'!M52+'DAY3'!E52 -> 0 | N52: ='DAY2'!N52+'DAY3'!F52 -> 0 | O52: ='DAY2'!O52+'DAY3'!G52 -> 0 | P52: =+K52/3 -> 0 | Q52: =+L52/3 -> 0 | R52: =+M52/3 -> 0 | S52: =+N52/3 -> 0 | T52: =+O52/3 -> 0 | U52: =IFERROR(+H52/(P52+Q52+R52+S52+T52),0) -> 0
A53: 30UM X 665 MM | B53: ='DAY2'!H53 -> 0 | C53: 0 | D53: 0 | E53: 0 | F53: 0 | G53: 0 | H53: =+(Table1433[[#This Row],[OPENING ]]+Table1433[[#This Row],[RECEIPTS]]+Table1433[[#This Row],[RETURNS]])-(Table1433[[#This Row],[EXCHANGED]]+Table1433[[#This Row],[SALES]]+Table1433[[#This Row],[ISSUES]]) -> 0 | J53: =+I53-H53 -> 0 | K53: ='DAY2'!K53+'DAY3'!C53 -> 0 | L53: ='DAY2'!L53+'DAY3'!D53 -> 0 | M53: ='DAY2'!M53+'DAY3'!E53 -> 0 | N53: ='DAY2'!N53+'DAY3'!F53 -> 0 | O53: ='DAY2'!O53+'DAY3'!G53 -> 0 | P53: =+K53/3 -> 0 | Q53: =+L53/3 -> 0 | R53: =+M53/3 -> 0 | S53: =+N53/3 -> 0 | T53: =+O53/3 -> 0 | U53: =IFERROR(+H53/(P53+Q53+R53+S53+T53),0) -> 0
A54: 30UM X 675 MM | B54: ='DAY2'!H54 -> 0 | C54: 0 | D54: 0 | E54: 0 | F54: 0 | G54: 0 | H54: =+(Table1433[[#This Row],[OPENING ]]+Table1433[[#This Row],[RECEIPTS]]+Table1433[[#This Row],[RETURNS]])-(Table1433[[#This Row],[EXCHANGED]]+Table1433[[#This Row],[SALES]]+Table1433[[#This Row],[ISSUES]]) -> 0 | J54: =+I54-H54 -> 0 | K54: ='DAY2'!K54+'DAY3'!C54 -> 0 | L54: ='DAY2'!L54+'DAY3'!D54 -> 0 | M54: ='DAY2'!M54+'DAY3'!E54 -> 0 | N54: ='DAY2'!N54+'DAY3'!F54 -> 0 | O54: ='DAY2'!O54+'DAY3'!G54 -> 0 | P54: =+K54/3 -> 0 | Q54: =+L54/3 -> 0 | R54: =+M54/3 -> 0 | S54: =+N54/3 -> 0 | T54: =+O54/3 -> 0 | U54: =IFERROR(+H54/(P54+Q54+R54+S54+T54),0) -> 0
A55: 30UM X 670 MM SRF | B55: ='DAY2'!H55 -> 676.3 | C55: 0 | D55: 0 | E55: 0 | F55: 0 | G55: 0 | H55: =+(Table1433[[#This Row],[OPENING ]]+Table1433[[#This Row],[RECEIPTS]]+Table1433[[#This Row],[RETURNS]])-(Table1433[[#This Row],[EXCHANGED]]+Table1433[[#This Row],[SALES]]+Table1433[[#This Row],[ISSUES]]) -> 676.3 | I55: 676.3 | J55: =+I55-H55 -> 0 | K55: ='DAY2'!K55+'DAY3'!C55 -> 0 | L55: ='DAY2'!L55+'DAY3'!D55 -> 0 | M55: ='DAY2'!M55+'DAY3'!E55 -> 0 | N55: ='DAY2'!N55+'DAY3'!F55 -> 0 | O55: ='DAY2'!O55+'DAY3'!G55 -> 0 | P55: =+K55/3 -> 0 | Q55: =+L55/3 -> 0 | R55: =+M55/3 -> 0 | S55: =+N55/3 -> 0 | T55: =+O55/3 -> 0 | U55: =IFERROR(+H55/(P55+Q55+R55+S55+T55),0) -> 0
A56: 30UM X 770 MM | B56: ='DAY2'!H56 -> 0 | C56: 0 | D56: 0 | E56: 0 | F56: 0 | G56: 0 | H56: =+(Table1433[[#This Row],[OPENING ]]+Table1433[[#This Row],[RECEIPTS]]+Table1433[[#This Row],[RETURNS]])-(Table1433[[#This Row],[EXCHANGED]]+Table1433[[#This Row],[SALES]]+Table1433[[#This Row],[ISSUES]]) -> 0 | J56: =+I56-H56 -> 0 | K56: ='DAY2'!K56+'DAY3'!C56 -> 0 | L56: ='DAY2'!L56+'DAY3'!D56 -> 0 | M56: ='DAY2'!M56+'DAY3'!E56 -> 0 | N56: ='DAY2'!N56+'DAY3'!F56 -> 0 | O56: ='DAY2'!O56+'DAY3'!G56 -> 0 | P56: =+K56/3 -> 0 | Q56: =+L56/3 -> 0 | R56: =+M56/3 -> 0 | S56: =+N56/3 -> 0 | T56: =+O56/3 -> 0 | U56: =IFERROR(+H56/(P56+Q56+R56+S56+T56),0) -> 0
A57: 30UM X 680 MM | B57: ='DAY2'!H57 -> 0 | C57: 0 | D57: 0 | E57: 0 | F57: 0 | G57: 0 | H57: =+(Table1433[[#This Row],[OPENING ]]+Table1433[[#This Row],[RECEIPTS]]+Table1433[[#This Row],[RETURNS]])-(Table1433[[#This Row],[EXCHANGED]]+Table1433[[#This Row],[SALES]]+Table1433[[#This Row],[ISSUES]]) -> 0 | J57: =+I57-H57 -> 0 | K57: ='DAY2'!K57+'DAY3'!C57 -> 0 | L57: ='DAY2'!L57+'DAY3'!D57 -> 0 | M57: ='DAY2'!M57+'DAY3'!E57 -> 0 | N57: ='DAY2'!N57+'DAY3'!F57 -> 0 | O57: ='DAY2'!O57+'DAY3'!G57 -> 0 | P57: =+K57/3 -> 0 | Q57: =+L57/3 -> 0 | R57: =+M57/3 -> 0 | S57: =+N57/3 -> 0 | T57: =+O57/3 -> 0 | U57: =IFERROR(+H57/(P57+Q57+R57+S57+T57),0) -> 0
A58: 30UM X 1120 MM X L 9000 M | B58: ='DAY2'!H58 -> 0 | C58: 0 | D58: 0 | E58: 0 | F58: 0 | G58: 0 | H58: =+(Table1433[[#This Row],[OPENING ]]+Table1433[[#This Row],[RECEIPTS]]+Table1433[[#This Row],[RETURNS]])-(Table1433[[#This Row],[EXCHANGED]]+Table1433[[#This Row],[SALES]]+Table1433[[#This Row],[ISSUES]]) -> 0 | J58: =+I58-H58 -> 0 | K58: ='DAY2'!K58+'DAY3'!C58 -> 0 | L58: ='DAY2'!L58+'DAY3'!D58 -> 0 | M58: ='DAY2'!M58+'DAY3'!E58 -> 0 | N58: ='DAY2'!N58+'DAY3'!F58 -> 0 | O58: ='DAY2'!O58+'DAY3'!G58 -> 0 | P58: =+K58/3 -> 0 | Q58: =+L58/3 -> 0 | R58: =+M58/3 -> 0 | S58: =+N58/3 -> 0 | T58: =+O58/3 -> 0 | U58: =IFERROR(+H58/(P58+Q58+R58+S58+T58),0) -> 0
A59: 30UM X 1235 MM X L 9000 M | B59: ='DAY2'!H59 -> 0 | C59: 0 | D59: 0 | E59: 0 | F59: 0 | G59: 0 | H59: =+(Table1433[[#This Row],[OPENING ]]+Table1433[[#This Row],[RECEIPTS]]+Table1433[[#This Row],[RETURNS]])-(Table1433[[#This Row],[EXCHANGED]]+Table1433[[#This Row],[SALES]]+Table1433[[#This Row],[ISSUES]]) -> 0 | J59: =+I59-H59 -> 0 | K59: ='DAY2'!K59+'DAY3'!C59 -> 0 | L59: ='DAY2'!L59+'DAY3'!D59 -> 0 | M59: ='DAY2'!M59+'DAY3'!E59 -> 0 | N59: ='DAY2'!N59+'DAY3'!F59 -> 0 | O59: ='DAY2'!O59+'DAY3'!G59 -> 0 | P59: =+K59/3 -> 0 | Q59: =+L59/3 -> 0 | R59: =+M59/3 -> 0 | S59: =+N59/3 -> 0 | T59: =+O59/3 -> 0 | U59: =IFERROR(+H59/(P59+Q59+R59+S59+T59),0) -> 0
A60: 30UM X 1310 MM X L 9000 M | B60: ='DAY2'!H60 -> 0 | C60: 0 | D60: 0 | E60: 0 | F60: 0 | G60: 0 | H60: =+(Table1433[[#This Row],[OPENING ]]+Table1433[[#This Row],[RECEIPTS]]+Table1433[[#This Row],[RETURNS]])-(Table1433[[#This Row],[EXCHANGED]]+Table1433[[#This Row],[SALES]]+Table1433[[#This Row],[ISSUES]]) -> 0 | J60: =+I60-H60 -> 0 | K60: ='DAY2'!K60+'DAY3'!C60 -> 0 | L60: ='DAY2'!L60+'DAY3'!D60 -> 0 | M60: ='DAY2'!M60+'DAY3'!E60 -> 0 | N60: ='DAY2'!N60+'DAY3'!F60 -> 0 | O60: ='DAY2'!O60+'DAY3'!G60 -> 0 | P60: =+K60/3 -> 0 | Q60: =+L60/3 -> 0 | R60: =+M60/3 -> 0 | S60: =+N60/3 -> 0 | T60: =+O60/3 -> 0 | U60: =IFERROR(+H60/(P60+Q60+R60+S60+T60),0) -> 0
A61: 30UM X 1340 MM X L 9000 M | B61: ='DAY2'!H61 -> 0 | C61: 0 | D61: 0 | E61: 0 | F61: 0 | G61: 0 | H61: =+(Table1433[[#This Row],[OPENING ]]+Table1433[[#This Row],[RECEIPTS]]+Table1433[[#This Row],[RETURNS]])-(Table1433[[#This Row],[EXCHANGED]]+Table1433[[#This Row],[SALES]]+Table1433[[#This Row],[ISSUES]]) -> 0 | J61: =+I61-H61 -> 0 | K61: ='DAY2'!K61+'DAY3'!C61 -> 0 | L61: ='DAY2'!L61+'DAY3'!D61 -> 0 | M61: ='DAY2'!M61+'DAY3'!E61 -> 0 | N61: ='DAY2'!N61+'DAY3'!F61 -> 0 | O61: ='DAY2'!O61+'DAY3'!G61 -> 0 | P61: =+K61/3 -> 0 | Q61: =+L61/3 -> 0 | R61: =+M61/3 -> 0 | S61: =+N61/3 -> 0 | T61: =+O61/3 -> 0 | U61: =IFERROR(+H61/(P61+Q61+R61+S61+T61),0) -> 0
A62: 30UM X 1370 MM X L 9000 M | B62: ='DAY2'!H62 -> 0 | C62: 0 | D62: 0 | E62: 0 | F62: 0 | G62: 0 | H62: =+(Table1433[[#This Row],[OPENING ]]+Table1433[[#This Row],[RECEIPTS]]+Table1433[[#This Row],[RETURNS]])-(Table1433[[#This Row],[EXCHANGED]]+Table1433[[#This Row],[SALES]]+Table1433[[#This Row],[ISSUES]]) -> 0 | J62: =+I62-H62 -> 0 | K62: ='DAY2'!K62+'DAY3'!C62 -> 0 | L62: ='DAY2'!L62+'DAY3'!D62 -> 0 | M62: ='DAY2'!M62+'DAY3'!E62 -> 0 | N62: ='DAY2'!N62+'DAY3'!F62 -> 0 | O62: ='DAY2'!O62+'DAY3'!G62 -> 0 | P62: =+K62/3 -> 0 | Q62: =+L62/3 -> 0 | R62: =+M62/3 -> 0 | S62: =+N62/3 -> 0 | T62: =+O62/3 -> 0 | U62: =IFERROR(+H62/(P62+Q62+R62+S62+T62),0) -> 0
A63: 30UM X 860 MM | B63: ='DAY2'!H63 -> 0 | C63: 0 | D63: 0 | E63: 0 | F63: 0 | G63: 0 | H63: =+(Table1433[[#This Row],[OPENING ]]+Table1433[[#This Row],[RECEIPTS]]+Table1433[[#This Row],[RETURNS]])-(Table1433[[#This Row],[EXCHANGED]]+Table1433[[#This Row],[SALES]]+Table1433[[#This Row],[ISSUES]]) -> 0 | J63: =+I63-H63 -> 0 | K63: ='DAY2'!K63+'DAY3'!C63 -> 0 | L63: ='DAY2'!L63+'DAY3'!D63 -> 0 | M63: ='DAY2'!M63+'DAY3'!E63 -> 0 | N63: ='DAY2'!N63+'DAY3'!F63 -> 0 | O63: ='DAY2'!O63+'DAY3'!G63 -> 0 | P63: =+K63/3 -> 0 | Q63: =+L63/3 -> 0 | R63: =+M63/3 -> 0 | S63: =+N63/3 -> 0 | T63: =+O63/3 -> 0 | U63: =IFERROR(+H63/(P63+Q63+R63+S63+T63),0) -> 0
A64: 30UM X 500 MM | B64: ='DAY2'!H64 -> 0 | C64: 0 | D64: 0 | E64: 0 | F64: 0 | G64: 0 | H64: =+(Table1433[[#This Row],[OPENING ]]+Table1433[[#This Row],[RECEIPTS]]+Table1433[[#This Row],[RETURNS]])-(Table1433[[#This Row],[EXCHANGED]]+Table1433[[#This Row],[SALES]]+Table1433[[#This Row],[ISSUES]]) -> 0 | J64: =+I64-H64 -> 0 | K64: ='DAY2'!K64+'DAY3'!C64 -> 0 | L64: ='DAY2'!L64+'DAY3'!D64 -> 0 | M64: ='DAY2'!M64+'DAY3'!E64 -> 0 | N64: ='DAY2'!N64+'DAY3'!F64 -> 0 | O64: ='DAY2'!O64+'DAY3'!G64 -> 0 | P64: =+K64/3 -> 0 | Q64: =+L64/3 -> 0 | R64: =+M64/3 -> 0 | S64: =+N64/3 -> 0 | T64: =+O64/3 -> 0 | U64: =IFERROR(+H64/(P64+Q64+R64+S64+T64),0) -> 0
A65: 30UM X 485 MM | B65: ='DAY2'!H65 -> 0 | C65: 0 | D65: 0 | E65: 0 | F65: 0 | G65: 0 | H65: =+(Table1433[[#This Row],[OPENING ]]+Table1433[[#This Row],[RECEIPTS]]+Table1433[[#This Row],[RETURNS]])-(Table1433[[#This Row],[EXCHANGED]]+Table1433[[#This Row],[SALES]]+Table1433[[#This Row],[ISSUES]]) -> 0 | J65: =+I65-H65 -> 0 | K65: ='DAY2'!K65+'DAY3'!C65 -> 0 | L65: ='DAY2'!L65+'DAY3'!D65 -> 0 | M65: ='DAY2'!M65+'DAY3'!E65 -> 0 | N65: ='DAY2'!N65+'DAY3'!F65 -> 0 | O65: ='DAY2'!O65+'DAY3'!G65 -> 0 | P65: =+K65/3 -> 0 | Q65: =+L65/3 -> 0 | R65: =+M65/3 -> 0 | S65: =+N65/3 -> 0 | T65: =+O65/3 -> 0 | U65: =IFERROR(+H65/(P65+Q65+R65+S65+T65),0) -> 0
A66: 30UM X 570 MM | B66: ='DAY2'!H66 -> 2006.84 | C66: 0 | D66: 0 | E66: 0 | F66: 0 | G66: 0 | H66: =+(Table1433[[#This Row],[OPENING ]]+Table1433[[#This Row],[RECEIPTS]]+Table1433[[#This Row],[RETURNS]])-(Table1433[[#This Row],[EXCHANGED]]+Table1433[[#This Row],[SALES]]+Table1433[[#This Row],[ISSUES]]) -> 2006.84 | I66: 2006.84 | J66: =+I66-H66 -> 0 | K66: ='DAY2'!K66+'DAY3'!C66 -> 0 | L66: ='DAY2'!L66+'DAY3'!D66 -> 0 | M66: ='DAY2'!M66+'DAY3'!E66 -> 0 | N66: ='DAY2'!N66+'DAY3'!F66 -> 0 | O66: ='DAY2'!O66+'DAY3'!G66 -> 0 | P66: =+K66/3 -> 0 | Q66: =+L66/3 -> 0 | R66: =+M66/3 -> 0 | S66: =+N66/3 -> 0 | T66: =+O66/3 -> 0 | U66: =IFERROR(+H66/(P66+Q66+R66+S66+T66),0) -> 0
A67: 30UM X 800 MM | B67: ='DAY2'!H67 -> 0 | C67: 0 | D67: 0 | E67: 0 | F67: 0 | G67: 0 | H67: =+(Table1433[[#This Row],[OPENING ]]+Table1433[[#This Row],[RECEIPTS]]+Table1433[[#This Row],[RETURNS]])-(Table1433[[#This Row],[EXCHANGED]]+Table1433[[#This Row],[SALES]]+Table1433[[#This Row],[ISSUES]]) -> 0 | J67: =+I67-H67 -> 0 | K67: ='DAY2'!K67+'DAY3'!C67 -> 0 | L67: ='DAY2'!L67+'DAY3'!D67 -> 0 | M67: ='DAY2'!M67+'DAY3'!E67 -> 0 | N67: ='DAY2'!N67+'DAY3'!F67 -> 0 | O67: ='DAY2'!O67+'DAY3'!G67 -> 0 | P67: =+K67/3 -> 0 | Q67: =+L67/3 -> 0 | R67: =+M67/3 -> 0 | S67: =+N67/3 -> 0 | T67: =+O67/3 -> 0 | U67: =IFERROR(+H67/(P67+Q67+R67+S67+T67),0) -> 0
A68: 3OUM X 210 MM | B68: ='DAY2'!H68 -> 150.3 | C68: 0 | D68: 0 | E68: 0 | F68: 0 | G68: 0 | H68: =+(Table1433[[#This Row],[OPENING ]]+Table1433[[#This Row],[RECEIPTS]]+Table1433[[#This Row],[RETURNS]])-(Table1433[[#This Row],[EXCHANGED]]+Table1433[[#This Row],[SALES]]+Table1433[[#This Row],[ISSUES]]) -> 150.3 | I68: 150.3 | J68: =+I68-H68 -> 0 | K68: ='DAY2'!K68+'DAY3'!C68 -> 0 | L68: ='DAY2'!L68+'DAY3'!D68 -> 0 | M68: ='DAY2'!M68+'DAY3'!E68 -> 0 | N68: ='DAY2'!N68+'DAY3'!F68 -> 0 | O68: ='DAY2'!O68+'DAY3'!G68 -> 0 | P68: =+K68/3 -> 0 | Q68: =+L68/3 -> 0 | R68: =+M68/3 -> 0 | S68: =+N68/3 -> 0 | T68: =+O68/3 -> 0 | U68: =IFERROR(+H68/(P68+Q68+R68+S68+T68),0) -> 0
A69: 30UM X 880 MM COOL CYCLONE | B69: ='DAY2'!H69 -> 0 | C69: 0 | D69: 0 | E69: 0 | F69: 0 | G69: 0 | H69: =+(Table1433[[#This Row],[OPENING ]]+Table1433[[#This Row],[RECEIPTS]]+Table1433[[#This Row],[RETURNS]])-(Table1433[[#This Row],[EXCHANGED]]+Table1433[[#This Row],[SALES]]+Table1433[[#This Row],[ISSUES]]) -> 0 | J69: =+I69-H69 -> 0 | K69: ='DAY2'!K69+'DAY3'!C69 -> 0 | L69: ='DAY2'!L69+'DAY3'!D69 -> 0 | M69: ='DAY2'!M69+'DAY3'!E69 -> 0 | N69: ='DAY2'!N69+'DAY3'!F69 -> 0 | O69: ='DAY2'!O69+'DAY3'!G69 -> 0 | P69: =+K69/3 -> 0 | Q69: =+L69/3 -> 0 | R69: =+M69/3 -> 0 | S69: =+N69/3 -> 0 | T69: =+O69/3 -> 0 | U69: =IFERROR(+H69/(P69+Q69+R69+S69+T69),0) -> 0
A70: 30UM X 520 MM COOL CYCLONE | B70: ='DAY2'!H70 -> 0 | C70: 0 | D70: 0 | E70: 0 | F70: 0 | G70: 0 | H70: =+(Table1433[[#This Row],[OPENING ]]+Table1433[[#This Row],[RECEIPTS]]+Table1433[[#This Row],[RETURNS]])-(Table1433[[#This Row],[EXCHANGED]]+Table1433[[#This Row],[SALES]]+Table1433[[#This Row],[ISSUES]]) -> 0 | J70: =+I70-H70 -> 0 | K70: ='DAY2'!K70+'DAY3'!C70 -> 0 | L70: ='DAY2'!L70+'DAY3'!D70 -> 0 | M70: ='DAY2'!M70+'DAY3'!E70 -> 0 | N70: ='DAY2'!N70+'DAY3'!F70 -> 0 | O70: ='DAY2'!O70+'DAY3'!G70 -> 0 | P70: =+K70/3 -> 0 | Q70: =+L70/3 -> 0 | R70: =+M70/3 -> 0 | S70: =+N70/3 -> 0 | T70: =+O70/3 -> 0 | U70: =IFERROR(+H70/(P70+Q70+R70+S70+T70),0) -> 0
A71: 30UM X 660 MM COOL CYCLONE | B71: ='DAY2'!H71 -> 187.6 | C71: 0 | D71: 0 | E71: 0 | F71: 0 | G71: 0 | H71: =+(Table1433[[#This Row],[OPENING ]]+Table1433[[#This Row],[RECEIPTS]]+Table1433[[#This Row],[RETURNS]])-(Table1433[[#This Row],[EXCHANGED]]+Table1433[[#This Row],[SALES]]+Table1433[[#This Row],[ISSUES]]) -> 187.6 | I71: 187.6 | J71: =+I71-H71 -> 0 | K71: ='DAY2'!K71+'DAY3'!C71 -> 0 | L71: ='DAY2'!L71+'DAY3'!D71 -> 0 | M71: ='DAY2'!M71+'DAY3'!E71 -> 0 | N71: ='DAY2'!N71+'DAY3'!F71 -> 0 | O71: ='DAY2'!O71+'DAY3'!G71 -> 0 | P71: =+K71/3 -> 0 | Q71: =+L71/3 -> 0 | R71: =+M71/3 -> 0 | S71: =+N71/3 -> 0 | T71: =+O71/3 -> 0 | U71: =IFERROR(+H71/(P71+Q71+R71+S71+T71),0) -> 0
A72: 30UM X 900 MM SRF | B72: ='DAY2'!H72 -> 1730 | C72: 0 | D72: 0 | E72: 0 | F72: 0 | G72: 0 | H72: =+(Table1433[[#This Row],[OPENING ]]+Table1433[[#This Row],[RECEIPTS]]+Table1433[[#This Row],[RETURNS]])-(Table1433[[#This Row],[EXCHANGED]]+Table1433[[#This Row],[SALES]]+Table1433[[#This Row],[ISSUES]]) -> 1730 | I72: 1730 | J72: =+I72-H72 -> 0 | K72: ='DAY2'!K72+'DAY3'!C72 -> 0 | L72: ='DAY2'!L72+'DAY3'!D72 -> 0 | M72: ='DAY2'!M72+'DAY3'!E72 -> 0 | N72: ='DAY2'!N72+'DAY3'!F72 -> 0 | O72: ='DAY2'!O72+'DAY3'!G72 -> 0 | P72: =+K72/3 -> 0 | Q72: =+L72/3 -> 0 | R72: =+M72/3 -> 0 | S72: =+N72/3 -> 0 | T72: =+O72/3 -> 0 | U72: =IFERROR(+H72/(P72+Q72+R72+S72+T72),0) -> 0
A73: TOTAL CLEAR BOPP | B73: =SUM(B41:B72) -> 6527.54 | C73: =SUM(C41:C72) -> 0 | D73: =SUM(D41:D72) -> 0 | E73: =SUM(E41:E72) -> 0 | F73: =SUM(F41:F72) -> 0 | G73: =SUM(G41:G72) -> 0 | H73: =SUM(H41:H72) -> 6527.54 | I73: =SUM(I41:I72) -> 6527.54 | J73: =+I73-H73 -> 0 | K73: =SUM(K41:K72) -> 0 | L73: =SUM(L41:L72) -> 0 | M73: =SUM(M41:M72) -> 0 | N73: =SUM(N41:N72) -> 0 | O73: =SUM(O41:O72) -> 0 | P73: =SUM(P41:P72) -> 0 | Q73: =SUM(Q41:Q72) -> 0 | R73: =SUM(R41:R72) -> 0 | ... T73: =SUM(T41:T72) -> 0 | U73: =IFERROR(+H73/(P73+Q73+R73+S73+T73),0) -> 0
A75: HEAT SEALABLE METALISED BOPP FILM TREATED
A76: 20UM X 710 MM X 14800 M | B76: ='DAY2'!H76 -> 1267.34 | C76: 0 | D76: 0 | E76: 0 | F76: 0 | G76: 0 | H76: =+(Table1433[[#This Row],[OPENING ]]+Table1433[[#This Row],[RECEIPTS]]+Table1433[[#This Row],[RETURNS]])-(Table1433[[#This Row],[EXCHANGED]]+Table1433[[#This Row],[SALES]]+Table1433[[#This Row],[ISSUES]]) -> 1267.34 | I76: 1267.34 | J76: =+I76-H76 -> 0 | K76: ='DAY2'!K76+'DAY3'!C76 -> 0 | L76: ='DAY2'!L76+'DAY3'!D76 -> 0 | M76: ='DAY2'!M76+'DAY3'!E76 -> 0 | N76: ='DAY2'!N76+'DAY3'!F76 -> 0 | O76: ='DAY2'!O76+'DAY3'!G76 -> 0 | P76: =+K76/3 -> 0 | Q76: =+L76/3 -> 0 | R76: =+M76/3 -> 0 | S76: =+N76/3 -> 0 | T76: =+O76/3 -> 0 | U76: =IFERROR(+H76/(P76+Q76+R76+S76+T76),0) -> 0
A77: 700*20 METALISED BOPP | B77: ='DAY2'!H77 -> 96.1 | C77: 0 | D77: 0 | E77: 0 | F77: 0 | G77: 0 | H77: =+(Table1433[[#This Row],[OPENING ]]+Table1433[[#This Row],[RECEIPTS]]+Table1433[[#This Row],[RETURNS]])-(Table1433[[#This Row],[EXCHANGED]]+Table1433[[#This Row],[SALES]]+Table1433[[#This Row],[ISSUES]]) -> 96.1 | I77: 96.1 | J77: =+I77-H77 -> 0 | K77: ='DAY2'!K77+'DAY3'!C77 -> 0 | L77: ='DAY2'!L77+'DAY3'!D77 -> 0 | M77: ='DAY2'!M77+'DAY3'!E77 -> 0 | N77: ='DAY2'!N77+'DAY3'!F77 -> 0 | O77: ='DAY2'!O77+'DAY3'!G77 -> 0 | P77: =+K77/3 -> 0 | Q77: =+L77/3 -> 0 | R77: =+M77/3 -> 0 | S77: =+N77/3 -> 0 | T77: =+O77/3 -> 0 | U77: =IFERROR(+H77/(P77+Q77+R77+S77+T77),0) -> 0
A78: 800*20 METALISED BOPP | B78: ='DAY2'!H78 -> 0 | C78: 0 | D78: 0 | E78: 0 | F78: 0 | G78: 0 | H78: =+(Table1433[[#This Row],[OPENING ]]+Table1433[[#This Row],[RECEIPTS]]+Table1433[[#This Row],[RETURNS]])-(Table1433[[#This Row],[EXCHANGED]]+Table1433[[#This Row],[SALES]]+Table1433[[#This Row],[ISSUES]]) -> 0 | J78: =+I78-H78 -> 0 | K78: ='DAY2'!K78+'DAY3'!C78 -> 0 | L78: ='DAY2'!L78+'DAY3'!D78 -> 0 | M78: ='DAY2'!M78+'DAY3'!E78 -> 0 | N78: ='DAY2'!N78+'DAY3'!F78 -> 0 | O78: ='DAY2'!O78+'DAY3'!G78 -> 0 | P78: =+K78/3 -> 0 | Q78: =+L78/3 -> 0 | R78: =+M78/3 -> 0 | S78: =+N78/3 -> 0 | T78: =+O78/3 -> 0 | U78: =IFERROR(+H78/(P78+Q78+R78+S78+T78),0) -> 0
A79: HEAT SEALABLE MATTE BOPP FILM TREATED OUTSIDE /HAZE- 75 | B79: ='DAY2'!H79 -> 0 | C79: 0 | D79: 0 | E79: 0 | F79: 0 | G79: 0 | H79: =+(Table1433[[#This Row],[OPENING ]]+Table1433[[#This Row],[RECEIPTS]]+Table1433[[#This Row],[RETURNS]])-(Table1433[[#This Row],[EXCHANGED]]+Table1433[[#This Row],[SALES]]+Table1433[[#This Row],[ISSUES]]) -> 0 | J79: =+I79-H79 -> 0 | K79: ='DAY2'!K79+'DAY3'!C79 -> 0 | L79: ='DAY2'!L79+'DAY3'!D79 -> 0 | M79: ='DAY2'!M79+'DAY3'!E79 -> 0 | N79: ='DAY2'!N79+'DAY3'!F79 -> 0 | O79: ='DAY2'!O79+'DAY3'!G79 -> 0 | P79: =+K79/3 -> 0 | Q79: =+L79/3 -> 0 | R79: =+M79/3 -> 0 | S79: =+N79/3 -> 0 | T79: =+O79/3 -> 0 | U79: =IFERROR(+H79/(P79+Q79+R79+S79+T79),0) -> 0
A80: 20UM X 710 MM X 14800 M | B80: ='DAY2'!H80 -> 1289.14 | C80: 0 | D80: 0 | E80: 0 | F80: 0 | G80: 0 | H80: =+(Table1433[[#This Row],[OPENING ]]+Table1433[[#This Row],[RECEIPTS]]+Table1433[[#This Row],[RETURNS]])-(Table1433[[#This Row],[EXCHANGED]]+Table1433[[#This Row],[SALES]]+Table1433[[#This Row],[ISSUES]]) -> 1289.14 | I80: 1289.14 | J80: =+I80-H80 -> 0 | K80: ='DAY2'!K80+'DAY3'!C80 -> 0 | L80: ='DAY2'!L80+'DAY3'!D80 -> 0 | M80: ='DAY2'!M80+'DAY3'!E80 -> 0 | N80: ='DAY2'!N80+'DAY3'!F80 -> 0 | O80: ='DAY2'!O80+'DAY3'!G80 -> 0 | P80: =+K80/3 -> 0 | Q80: =+L80/3 -> 0 | R80: =+M80/3 -> 0 | S80: =+N80/3 -> 0 | T80: =+O80/3 -> 0 | U80: =IFERROR(+H80/(P80+Q80+R80+S80+T80),0) -> 0
A81: 700*20 MATTE BOPP | B81: ='DAY2'!H81 -> 64.75 | C81: 0 | D81: 0 | E81: 0 | F81: 0 | G81: 0 | H81: =+(Table1433[[#This Row],[OPENING ]]+Table1433[[#This Row],[RECEIPTS]]+Table1433[[#This Row],[RETURNS]])-(Table1433[[#This Row],[EXCHANGED]]+Table1433[[#This Row],[SALES]]+Table1433[[#This Row],[ISSUES]]) -> 64.75 | I81: 64.75 | J81: =+I81-H81 -> 0 | K81: ='DAY2'!K81+'DAY3'!C81 -> 0 | L81: ='DAY2'!L81+'DAY3'!D81 -> 0 | M81: ='DAY2'!M81+'DAY3'!E81 -> 0 | N81: ='DAY2'!N81+'DAY3'!F81 -> 0 | O81: ='DAY2'!O81+'DAY3'!G81 -> 0 | P81: =+K81/3 -> 0 | Q81: =+L81/3 -> 0 | R81: =+M81/3 -> 0 | S81: =+N81/3 -> 0 | T81: =+O81/3 -> 0 | U81: =IFERROR(+H81/(P81+Q81+R81+S81+T81),0) -> 0
A82: HEAT SEALABLE PEARLISED WHITE BOPP FILM- TREATED OUTSIDE | B82: ='DAY2'!H82 -> 0 | C82: 0 | D82: 0 | E82: 0 | F82: 0 | G82: 0 | H82: =+(Table1433[[#This Row],[OPENING ]]+Table1433[[#This Row],[RECEIPTS]]+Table1433[[#This Row],[RETURNS]])-(Table1433[[#This Row],[EXCHANGED]]+Table1433[[#This Row],[SALES]]+Table1433[[#This Row],[ISSUES]]) -> 0 | J82: =+I82-H82 -> 0 | K82: ='DAY2'!K82+'DAY3'!C82 -> 0 | L82: ='DAY2'!L82+'DAY3'!D82 -> 0 | M82: ='DAY2'!M82+'DAY3'!E82 -> 0 | N82: ='DAY2'!N82+'DAY3'!F82 -> 0 | O82: ='DAY2'!O82+'DAY3'!G82 -> 0 | P82: =+K82/3 -> 0 | Q82: =+L82/3 -> 0 | R82: =+M82/3 -> 0 | S82: =+N82/3 -> 0 | T82: =+O82/3 -> 0 | U82: =IFERROR(+H82/(P82+Q82+R82+S82+T82),0) -> 0
